"AGHE.action","AGRE.action","AMME.action","ANAR.action","CEME.action","CLPU.action","ERBO.action","ERCI.action","EUPE.action","GECA.action","HECO.action","LACA.action","LOPU.action","LOWR.action","MEPO.action","NAAT.action","PLER.action","SACA.action","environment.initial","AGHE.outcome","AGRE.outcome","AMME.outcome","ANAR.outcome","CEME.outcome","CLPU.outcome","ERBO.outcome","ERCI.outcome","EUPE.outcome","GECA.outcome","HECO.outcome","LACA.outcome","LOPU.outcome","LOWR.outcome","MEPO.outcome","NAAT.outcome","PLER.outcome","SACA.outcome","state_idx"
0,1,0,1,0,0,1,0,0,1,0,0,0,0,0,0,0,0,0,0,4146.17950323508,0,0,0,0,0,0,0,0,0,0,0,0,0,0,0,0,586
1,0,0,0,1,0,1,1,1,1,0,0,0,0,0,0,0,0,0,3293.49136118339,0,0,0,0,0,0,0.000264228303955981,0,0,0,0,0,0,0,0,0,0,977
0,0,1,0,1,1,0,1,0,1,1,0,0,0,0,0,0,0,0,0,0,0,0,4311.19285693033,0,0,0.00048934831499834,0,0,29269.7263958221,0,0,0,0,0,0,0,1716
1,0,0,0,0,0,1,1,1,1,0,1,0,0,0,0,0,0,0,3293.49134312993,0,0,0,0,0,0,0.000275076486716314,0,0,0,0,0,0,0,0,0,0,3009
0,1,0,1,1,0,1,1,0,1,1,1,0,0,0,0,0,0,0,0,4.62218443832566e-10,0,0,4320.64959144489,0,0,0.000966697948933238,0,0,29176.4539352585,0,0,0,0,0,0,0,3802
1,1,1,1,1,0,0,1,1,1,1,1,0,0,0,0,0,0,0,0,5.24029550953406e-10,0,0,4320.80621301424,0,0,0.000720882454579067,0,0,29174.9119354922,0,0,0,0,0,0,0,3999
0,0,1,1,0,1,1,0,0,1,0,0,1,0,0,0,0,0,0,0,0,2658.52458326365,0,0,0,0,0,0,0,0,0,0,0,0,0,0,0,4716
0,0,0,1,1,1,0,0,1,1,0,0,1,0,0,0,0,0,0,0,0,0,0,7206.00266662613,0,0,0,0,0,0,0,0,0,0,0,0,0,4920
0,1,1,0,1,1,1,1,0,0,1,0,1,0,0,0,0,0,0,0,5.04635078332992e-10,0,0,4320.75871179175,0,0,0.000903385045647556,0,0,29175.3783708283,0,0,0,0,0,0,0,5366
0,1,0,0,1,0,0,0,1,1,1,1,1,0,0,0,0,0,0,0,4.84603272831218e-10,0,0,4320.70980621458,0,0,0,0,0,29175.871059927,0,0,0,0,0,0,0,7954
0,1,1,1,1,0,0,0,1,0,0,0,0,1,0,0,0,0,0,0,4056.57453455625,0,0,1218.65917190749,0,0,0,0,0,0,0,0,0,0,0,0,0,8478
1,1,0,0,1,1,1,1,1,0,0,1,0,1,0,0,0,0,0,0,4056.57277773694,0,0,1218.64393155749,0,0,0.0151209401397535,0,0,0,0,0,0,0,0,0,0,10739
1,1,1,0,1,1,0,0,0,0,1,1,0,1,0,0,0,0,0,0,7.47861735158045e-10,0,0,4321.26355334902,0,0,0,0,0,29170.4092550508,0,0,0,0,0,0,0,11319
0,1,0,0,1,1,0,1,1,1,0,1,1,1,0,0,0,0,0,0,4056.57234520701,0,0,1218.64017937017,0,0,0.0188437260473485,0,0,0,0,0,0,0,0,0,0,15282
1,0,1,0,1,1,0,0,1,1,1,1,1,1,0,0,0,0,0,0,0,0,0,4309.38595440536,0,0,0,0,0,29287.5508241823,0,0,0,0,0,0,0,16181
0,1,0,0,1,1,1,1,0,1,1,1,0,0,1,0,0,0,0,0,4.53861190117599e-10,0,0,4320.62717555369,0,0,0.00091356031036664,0,0,29176.6756367583,0,0,0,0,0,0,0,20210
1,0,0,1,1,1,0,1,0,0,1,0,1,0,1,0,0,0,0,0,0,0,0,4309.44396535694,0,0,0.00015596748200718,0,0,29286.9769742829,0,0,0,0,0,0,0,21689
0,1,0,1,0,0,0,1,1,0,0,1,0,1,1,0,0,0,0,0,4146.17070316772,0,0,0,0,0,0.04613672728378,0,0,0,0,0,0,0,0,0,0,27018
0,0,0,0,1,1,1,0,1,1,1,1,0,1,1,0,0,0,0,0,0,0,0,4311.0685568703,0,0,0,0,0,29270.9577923354,0,0,0,0,0,0,0,28528
0,1,0,1,1,0,0,0,0,1,1,0,1,1,1,0,0,0,0,0,6.18787217730065e-10,0,0,4321.01808107437,0,0,0,0,0,29172.8304417842,0,0,0,0,0,0,0,30234
0,0,1,1,0,1,0,0,0,0,0,1,1,1,1,0,0,0,0,0,0,0,0,0,0,0,0,0,0,0,0,0,3185.12800087554,0,0,0,0,30764
0,0,1,0,1,1,0,0,0,0,1,0,0,0,0,1,0,0,0,0,0,0,0,4311.20380360358,0,0,0,0,0,29269.6240319177,0,0,0,0,0,0,0,33844
0,0,0,1,0,1,0,1,0,0,0,1,0,0,0,1,0,0,0,0,0,0,0,0,0,0,19827.7715657761,0,0,0,0,0,0,0,0,0,0,34984
1,0,1,1,1,0,1,1,0,0,0,1,0,0,0,1,0,0,0,3293.49137035095,0,0,0,0,0,0,0.000258719592420289,0,0,0,0,0,0,0,0,0,0,35037
0,1,0,1,1,0,1,1,1,0,0,1,0,0,0,1,0,0,0,0,4056.57214643172,0,0,1218.63845499843,0,0,0.0205545855997508,0,0,0,0,0,0,0,0,0,0,35290
0,0,0,1,1,0,1,0,0,1,1,0,1,0,0,1,0,0,0,0,0,0,0,4311.1985918139,0,0,0,0,0,29269.6754289933,0,0,0,0,0,0,0,38488
1,1,0,0,0,1,0,1,0,0,0,1,1,0,0,1,0,0,0,0,4146.17245718213,0,0,0,0,0,0.0369408335944084,0,0,0,0,0,0,0,0,0,0,39075
0,0,1,0,0,1,0,1,1,1,0,1,1,0,0,1,0,0,0,0,0,2575.01667910359,0,0,0,0,88.6198938440801,0,0,0,0,0,0,0,0,0,0,39844
0,0,1,1,1,0,1,0,0,1,1,1,1,0,0,1,0,0,0,0,0,0,0,4311.20324598915,0,0,0,0,0,29269.6295309408,0,0,0,0,0,0,0,40540
0,1,1,1,1,0,1,1,1,0,1,0,0,1,0,1,0,0,0,0,6.39069815174233e-10,0,0,4321.05796646276,0,0,0.000882951527001294,0,0,29172.426952943,0,0,0,0,0,0,0,42462
1,0,0,0,1,0,0,1,0,1,0,1,0,1,0,1,0,0,0,3293.4913687827,0,0,0,0,0,0,0.00025966193990149,0,0,0,0,0,0,0,0,0,0,43665
1,1,1,1,0,1,0,1,1,0,0,0,1,1,0,1,0,0,0,0,4146.173,0,0,0,0,0,0.03424491,0,0,0,0,0,0,0,0,0,0,45487
1,0,0,0,0,1,1,1,0,1,0,0,1,1,0,1,0,0,0,3293.491,0,0,0,0,0,0,0.000262302,0,0,0,0,0,0,0,0,0,0,45793
1,0,0,0,1,1,1,1,1,1,0,0,1,1,0,1,0,0,0,3293.491,0,0,0,0,0,0,0.0002500266,0,0,0,0,0,0,0,0,0,0,46065
1,1,1,1,1,0,1,1,1,1,1,1,1,1,0,1,0,0,0,0,7.409621e-10,0,0,4321.25,0,0,0.000703035,0,0,29170.53,0,0,0,0,0,0,0,49119
1,0,0,1,0,0,1,1,0,0,0,0,0,0,1,1,0,0,0,3293.491,0,0,0,0,0,0,0.0002687686,0,0,0,0,0,0,0,0,0,0,49353
0,1,1,1,1,0,0,0,1,0,0,0,0,0,1,1,0,0,0,0,4056.575,0,0,1218.659,0,0,0,0,0,0,0,0,0,0,0,0,0,49438
0,1,0,1,0,0,1,0,1,0,0,0,0,0,1,1,0,0,0,0,4146.18,0,0,0,0,0,0,0,0,0,0,0,0,0,0,0,0,49482
0,0,1,1,0,0,1,1,1,0,0,0,0,0,1,1,0,0,0,0,0,2581.016,0,0,0,0,82.24504,0,0,0,0,0,0,0,0,0,0,49612
1,0,1,1,1,1,1,1,0,1,0,1,0,0,1,1,0,0,0,3293.491,0,0,0,0,0,0,0.0002495437,0,0,0,0,0,0,0,0,0,0,51965
0,1,1,1,0,0,1,0,1,0,0,1,1,0,1,1,0,0,0,0,4146.18,0,0,0,0,0,0,0,0,0,0,0,0,0,0,0,0,55630
0,1,1,1,0,1,0,1,1,0,0,1,1,0,1,1,0,0,0,0,4146.171,0,0,0,0,0,0.04657764,0,0,0,0,0,0,0,0,0,0,55726
1,0,0,0,1,1,1,1,1,0,1,1,1,0,1,1,0,0,0,0,0,0,0,4309.439,0,0,0.0001535185,0,0,29287.03,0,0,0,0,0,0,0,56817
1,1,0,1,1,0,0,0,1,0,0,0,0,1,1,1,0,0,0,0,4056.575,0,0,1218.659,0,0,0,0,0,0,0,0,0,0,0,0,0,57627
0,0,1,0,0,0,0,0,1,1,0,0,0,1,1,1,0,0,0,0,0,0,0,0,0,0,0,0,0,0,0,0,3185.128,0,0,0,0,58116
0,0,0,1,0,1,0,1,1,1,0,0,0,1,1,1,0,0,0,0,0,0,0,0,0,0,6.023713,0,0,0,0,0,3183.362,0,0,0,0,58280
0,0,1,0,1,0,0,0,1,0,0,0,1,1,1,1,0,0,0,0,0,0,0,6323.352,0,0,0,0,0,0,0,0,408.6985,0,0,0,0,61716
0,1,1,1,1,1,0,1,0,1,1,1,1,1,1,1,0,0,0,0,6.881106e-10,0,0,4321.154,0,0,0.0008394704,0,0,29171.48,0,0,0,0,0,0,0,65214
1,0,0,0,1,0,1,0,0,1,0,0,0,0,0,0,1,0,0,0,0,0,0,0,0,0,0,0,0,0,0,0,0,0,0,21699.97,0,66129
1,0,1,0,1,0,0,0,1,0,0,1,0,0,0,0,1,0,0,0,0,0,0,0,0,0,0,0,0,0,0,0,0,0,0,21699.97,0,67861
1,0,0,0,0,1,0,1,1,1,0,1,0,0,0,0,1,0,0,0,0,0,0,0,0,0,9.492274e-05,0,0,0,0,0,0,0,0,21699.97,0,68513
1,0,0,1,0,1,1,0,0,0,1,0,1,0,0,0,1,0,0,0,0,0,0,0,0,0,0,0,0,130.1854,0,0,0,0,0,21699.6,0,70761
1,0,0,0,0,1,1,1,0,0,1,0,1,0,0,0,1,0,0,0,0,0,0,0,0,0,9.159524e-05,0,0,131.2624,0,0,0,0,0,21699.6,0,70881
0,1,0,0,1,1,0,0,0,0,0,1,1,0,0,0,1,0,0,0,0,0,0,0,0,0,0,0,0,0,0,0,0,0,0,21699.97,0,71730
0,0,1,1,1,1,0,0,1,1,0,1,1,0,0,0,1,0,0,0,0,0,0,0,0,0,0,0,0,0,0,0,0,0,0,21699.97,0,72508
0,0,0,0,1,1,0,0,0,1,0,0,0,1,0,0,1,0,0,0,0,0,0,0,0,0,0,0,0,0,0,0,0,0,0,21699.97,0,74288
0,0,1,0,1,1,0,0,0,0,0,1,0,1,0,0,1,0,0,0,0,0,0,0,0,0,0,0,0,0,0,0,0,0,0,21699.97,0,75828
0,0,1,1,1,0,1,0,1,0,0,1,0,1,0,0,1,0,0,0,0,0,0,0,0,0,0,0,0,0,0,0,0,0,0,21699.97,0,76124
1,0,1,0,1,0,1,0,0,0,1,1,0,1,0,0,1,0,0,0,0,0,0,0,0,0,0,0,0,93.56154,0,0,0,0,0,21699.71,0,76885
1,1,0,0,0,1,0,0,1,0,0,0,1,1,0,0,1,0,0,0,0,0,0,0,0,0,0,0,0,0,0,0,0,0,0,21699.97,0,78115
1,1,1,1,1,1,0,0,0,0,0,1,1,1,0,0,1,0,0,0,0,0,0,0,0,0,0,0,0,0,0,0,0,0,0,21699.97,0,79935
1,1,1,1,0,0,1,1,1,0,0,1,1,1,0,0,1,0,0,0,0,0,0,0,0,0,8.703099e-05,0,0,0,0,0,0,0,0,21699.97,0,80335
0,1,1,0,1,0,0,0,0,0,0,0,0,0,1,0,1,0,0,0,0,0,0,0,0,0,0,0,0,0,0,0,0,0,0,21699.97,0,81942
1,1,0,1,1,1,1,1,1,1,0,0,0,0,1,0,1,0,0,0,0,0,0,0,0,0,8.808352e-05,0,0,0,0,0,0,0,0,21699.97,0,82939
0,1,1,1,1,1,1,0,1,1,1,0,0,0,1,0,1,0,0,0,0,0,0,0,0,0,0,0,0,100.3994,0,0,0,0,0,21699.69,0,83838
0,1,1,1,1,1,1,1,1,1,1,0,0,0,1,0,1,0,0,0,0,0,0,0,0,0,0.0001007261,0,0,100.8508,0,0,0,0,0,21699.68,0,83966
1,1,0,1,1,0,0,0,0,0,0,1,0,0,1,0,1,0,0,0,0,0,0,0,0,0,0,0,0,0,0,0,0,0,0,21699.97,0,83995
1,0,0,1,1,1,1,0,1,1,0,1,0,0,1,0,1,0,0,0,0,0,0,0,0,0,0,0,0,0,0,0,0,0,0,21699.97,0,84857
0,0,0,1,0,1,0,0,0,1,1,1,0,0,1,0,1,0,0,0,0,0,0,0,0,0,0,0,0,183.825,0,0,0,0,0,21699.45,0,85544
1,0,1,0,1,1,0,1,0,1,1,1,0,0,1,0,1,0,0,0,0,0,0,0,0,0,8.586247e-05,0,0,101.1653,0,0,0,0,0,21699.68,0,85685
0,1,0,1,0,1,0,1,1,0,0,0,1,0,1,0,1,0,0,0,0,0,0,0,0,0,0.0001111218,0,0,0,0,0,0,0,0,21699.97,0,86442
1,1,1,1,1,1,0,0,1,1,0,0,1,0,1,0,1,0,0,0,0,0,0,0,0,0,0,0,0,0,0,0,0,0,0,21699.97,0,86847
0,0,0,0,1,1,0,0,0,1,1,0,1,0,1,0,1,0,0,0,0,0,0,0,0,0,0,0,0,108.279,0,0,0,0,0,21699.66,0,87600
1,1,1,0,1,1,1,1,0,1,1,0,1,0,1,0,1,0,0,0,0,0,0,0,0,0,8.359188e-05,0,0,96.63618,0,0,0,0,0,21699.7,0,87799
0,0,1,0,0,1,1,0,1,1,1,0,1,0,1,0,1,0,0,0,0,0,0,0,0,0,0,0,0,176.8517,0,0,0,0,0,21699.47,0,87908
0,1,0,0,0,0,0,1,1,1,1,0,1,0,1,0,1,0,0,0,0,0,0,0,0,0,0.0001068575,0,0,129.0517,0,0,0,0,0,21699.6,0,87938
1,0,1,0,0,1,1,0,0,1,0,1,1,0,1,0,1,0,0,0,0,0,0,0,0,0,0,0,0,0,0,0,0,0,0,21699.97,0,88677
1,0,0,0,1,0,0,0,1,0,1,1,1,0,1,0,1,0,0,0,0,0,0,0,0,0,0,0,0,100.2758,0,0,0,0,0,21699.69,0,89361
1,0,1,1,0,1,1,0,0,1,1,1,1,0,1,0,1,0,0,0,0,0,0,0,0,0,0,0,0,127.0062,0,0,0,0,0,21699.61,0,89709
0,0,1,1,1,1,0,0,0,0,0,0,0,1,1,0,1,0,0,0,0,0,0,0,0,0,0,0,0,0,0,0,0,0,0,21699.97,0,90172
1,1,0,0,0,0,0,1,0,0,0,0,0,1,1,0,1,0,0,0,0,0,0,0,0,0,8.941126e-05,0,0,0,0,0,0,0,0,21699.97,0,90243
0,1,1,0,1,0,0,0,1,1,0,0,0,1,1,0,1,0,0,0,0,0,0,0,0,0,0,0,0,0,0,0,0,0,0,21699.97,0,90902
0,1,1,1,1,1,0,0,0,0,1,0,0,1,1,0,1,0,0,0,0,0,0,0,0,0,0,0,0,96.15413,0,0,0,0,0,21699.7,0,91198
0,0,0,1,0,1,1,1,1,1,1,0,0,1,1,0,1,0,0,0,0,0,0,0,0,0,0.0001082724,0,0,140.3804,0,0,0,0,0,21699.57,0,92136
1,0,1,0,0,1,1,0,0,1,1,1,0,1,1,0,1,0,0,0,0,0,0,0,0,0,0,0,0,113.5583,0,0,0,0,0,21699.65,0,93797
0,1,1,0,0,0,1,1,0,1,1,1,0,1,1,0,1,0,0,0,0,0,0,0,0,0,0.0001027483,0,0,116.2642,0,0,0,0,0,21699.64,0,93894
1,1,1,0,1,0,1,1,0,1,1,1,0,1,1,0,1,0,0,0,0,0,0,0,0,0,8.301998e-05,0,0,93.00543,0,0,0,0,0,21699.71,0,93911
0,0,0,1,0,0,1,1,0,0,0,0,1,1,1,0,1,0,0,0,0,0,0,0,0,0,0.0001130118,0,0,0,0,0,0,0,0,21699.97,0,94408
0,1,1,1,1,0,1,1,1,0,1,0,1,1,1,0,1,0,0,0,0,0,0,0,0,0,9.589085e-05,0,0,94.75841,0,0,0,0,0,21699.7,0,95710
1,0,1,0,0,1,1,1,0,0,1,0,0,0,0,1,1,0,0,0,0,0,0,0,0,0,9.07187e-05,0,0,129.4593,0,0,0,0,0,21699.6,0,99557
1,0,0,0,1,0,0,0,1,1,1,1,0,0,0,1,1,0,0,0,0,0,0,0,0,0,0,0,0,101.5586,0,0,0,0,0,21699.68,0,102161
0,0,1,0,0,0,1,0,0,0,0,0,1,0,0,1,1,0,0,0,0,0,0,0,0,0,0,0,0,0,0,0,0,0,0,21699.97,0,102468
1,1,1,0,1,1,0,1,1,1,0,0,1,0,0,1,1,0,0,0,0,0,0,0,0,0,8.708068e-05,0,0,0,0,0,0,0,0,21699.97,0,103351
0,1,0,0,0,1,1,1,1,1,0,0,1,0,0,1,1,0,0,0,0,0,0,0,0,0,0.0001161972,0,0,0,0,0,0,0,0,21699.97,0,103394
0,0,1,0,0,0,1,0,1,1,1,0,1,0,0,1,1,0,0,0,0,0,0,0,0,0,0,0,0,176.9577,0,0,0,0,0,21699.47,0,104260
1,1,0,1,0,0,0,0,1,0,0,1,1,0,0,1,1,0,0,0,0,0,0,0,0,0,0,0,0,0,0,0,0,0,0,21699.97,0,104715
0,1,0,1,1,0,1,1,0,0,1,1,1,0,0,1,1,0,0,0,0,0,0,0,0,0,0.0001083513,0,0,100.8571,0,0,0,0,0,21699.68,0,105690
1,1,0,1,0,1,1,0,1,0,0,0,0,1,0,1,1,0,0,0,0,0,0,0,0,0,0,0,0,0,0,0,0,0,0,21699.97,0,106859
0,1,0,1,0,0,0,0,0,0,0,1,0,1,0,1,1,0,0,0,0,0,0,0,0,0,0,0,0,0,0,0,0,0,0,21699.97,0,108554
1,0,0,0,1,0,0,1,0,1,1,1,0,1,0,1,1,0,0,0,0,0,0,0,0,0,8.849766e-05,0,0,94.96167,0,0,0,0,0,21699.7,0,110225
0,1,1,0,1,0,0,1,0,0,0,0,1,1,0,1,1,0,0,0,0,0,0,0,0,0,0.000104965,0,0,0,0,0,0,0,0,21699.97,0,110742
1,1,1,1,0,1,1,0,0,1,0,0,1,1,0,1,1,0,0,0,0,0,0,0,0,0,0,0,0,0,0,0,0,0,0,21699.97,0,111215
1,1,0,1,1,0,1,1,0,1,0,0,1,1,0,1,1,0,0,0,0,0,0,0,0,0,8.825963e-05,0,0,0,0,0,0,0,0,21699.97,0,111323
1,0,1,0,0,0,1,1,0,1,1,0,1,1,0,1,1,0,0,0,0,0,0,0,0,0,8.694933e-05,0,0,112.4128,0,0,0,0,0,21699.65,0,112325
0,1,1,1,0,1,1,1,1,1,1,0,1,1,0,1,1,0,0,0,0,0,0,0,0,0,0.000102619,0,0,114.6592,0,0,0,0,0,21699.64,0,112622
1,0,0,1,1,0,1,0,0,1,0,1,1,1,0,1,1,0,0,0,0,0,0,0,0,0,0,0,0,0,0,0,0,0,0,21699.97,0,113241
1,1,1,0,1,0,1,0,1,0,0,0,0,0,1,1,1,0,0,0,0,0,0,0,0,0,0,0,0,0,0,0,0,0,0,21699.97,0,115031
0,0,0,1,0,1,1,0,0,1,0,0,0,0,1,1,1,0,0,0,0,0,0,0,0,0,0,0,0,0,0,0,0,0,0,21699.97,0,115304
0,1,1,0,0,1,0,1,1,1,0,0,0,0,1,1,1,0,0,0,0,0,0,0,0,0,0.0001095163,0,0,0,0,0,0,0,0,21699.97,0,115622
1,1,1,1,1,1,0,0,1,1,0,1,0,0,1,1,1,0,0,0,0,0,0,0,0,0,0,0,0,0,0,0,0,0,0,21699.97,0,117567
0,1,1,0,1,1,1,0,1,1,0,1,0,0,1,1,1,0,0,0,0,0,0,0,0,0,0,0,0,0,0,0,0,0,0,21699.97,0,117622
0,1,1,1,1,0,1,0,1,0,0,0,1,0,1,1,1,0,0,0,0,0,0,0,0,0,0,0,0,0,0,0,0,0,0,21699.97,0,119134
1,1,1,1,0,1,0,1,1,1,0,0,1,0,1,1,1,0,0,0,0,0,0,0,0,0,8.669161e-05,0,0,0,0,0,0,0,0,21699.97,0,119727
1,1,1,1,1,1,0,0,1,1,1,0,1,0,1,1,1,0,0,0,0,0,0,0,0,0,0,0,0,94.93712,0,0,0,0,0,21699.7,0,120639
0,0,0,0,0,0,1,0,1,1,1,0,1,0,1,1,1,0,0,0,0,0,0,0,0,0,0,0,0,179.3007,0,0,0,0,0,21699.46,0,120640
0,0,1,1,0,1,1,0,1,1,1,0,1,0,1,1,1,0,0,0,0,0,0,0,0,0,0,0,0,173.9914,0,0,0,0,0,21699.47,0,120684
0,0,0,0,1,0,0,0,0,0,0,1,1,0,1,1,1,0,0,0,0,0,0,0,0,0,0,0,0,0,0,0,0,0,0,21699.97,0,120848
0,1,0,1,1,1,1,1,0,0,0,1,1,0,1,1,1,0,0,0,0,0,0,0,0,0,0.0001075809,0,0,0,0,0,0,0,0,21699.97,0,121082
0,0,0,1,0,1,1,1,1,1,0,1,1,0,1,1,1,0,0,0,0,0,0,0,0,0,0.0001159399,0,0,0,0,0,0,0,0,21699.97,0,121832
1,1,0,1,1,0,0,0,1,0,1,1,1,0,1,1,1,0,0,0,0,0,0,0,0,0,0,0,0,95.53974,0,0,0,0,0,21699.7,0,122139
1,0,0,1,0,1,0,1,1,1,1,1,1,0,1,1,1,0,0,0,0,0,0,0,0,0,8.762899e-05,0,0,128.6457,0,0,0,0,0,21699.6,0,122793
0,1,1,0,1,1,1,1,1,0,0,0,0,1,1,1,1,0,0,0,0,0,0,0,0,0,0.0001009267,0,0,0,0,0,0,0,0,21699.97,0,123382
1,1,1,0,0,1,1,1,1,0,1,0,0,1,1,1,1,0,0,0,0,0,0,0,0,0,8.380794e-05,0,0,104.4224,0,0,0,0,0,21699.67,0,124391
1,1,1,1,1,0,1,1,0,0,1,1,0,1,1,1,1,0,0,0,0,0,0,0,0,0,8.305432e-05,0,0,92.15627,0,0,0,0,0,21699.71,0,126175
1,1,1,0,1,1,1,0,1,1,1,1,0,1,1,1,1,0,0,0,0,0,0,0,0,0,0,0,0,91.62645,0,0,0,0,0,21699.71,0,126839
1,0,0,1,1,0,0,0,1,0,0,0,1,1,1,1,1,0,0,0,0,0,0,0,0,0,0,0,0,0,0,0,0,0,0,21699.97,0,127257
1,1,0,1,1,0,0,0,1,0,1,1,1,1,1,1,1,0,0,0,0,0,0,0,0,0,0,0,0,91.09424,0,0,0,0,0,21699.71,0,130331
0,1,1,0,1,1,0,1,0,1,1,1,1,1,1,1,1,0,0,0,0,0,0,0,0,0,9.670669e-05,0,0,93.83784,0,0,0,0,0,21699.7,0,130742
1,0,0,0,0,0,1,1,1,0,1,0,0,0,0,0,0,1,0,0,0,0,0,0,0,0,0.000114943,0,0,34893.15,0,0,0,0,0,0,1211.745,132545
0,0,1,0,1,0,1,1,1,0,0,1,0,0,0,0,0,1,0,0,0,0,0,5490.895,0,0,0.0003729488,0,0,0,0,0,0,0,0,0,4574.097,133588
0,1,0,1,0,1,1,1,1,1,0,1,0,0,0,0,0,1,0,0,4146.172,0,0,0,0,0,0.03901199,0,0,0,0,0,0,0,0,0,0,134122
1,0,0,1,1,1,0,0,0,0,1,1,0,0,0,0,0,1,0,0,0,0,0,4311.566,0,0,0,0,0,29266.05,0,0,0,0,0,0,1.903517e-08,134201
1,1,1,1,1,0,1,0,1,0,0,0,1,0,0,0,0,1,0,0,4056.575,0,0,1218.659,0,0,0,0,0,0,0,0,0,0,0,0,0,135519
1,0,0,0,1,1,1,0,1,1,0,0,1,0,0,0,0,1,0,0,0,0,0,5490.895,0,0,0,0,0,0,0,0,0,0,0,0,4574.096,136049
1,0,1,0,1,0,0,1,1,1,1,0,1,0,0,0,0,1,0,0,0,0,0,4311.571,0,0,0.0001520038,0,0,29266,0,0,0,0,0,0,1.949774e-08,137109
0,1,0,1,1,1,1,0,0,0,0,1,1,0,0,0,0,1,0,0,4056.575,0,0,1218.659,0,0,0,0,0,0,0,0,0,0,0,0,0,137338
1,0,0,0,1,0,1,0,1,0,0,1,1,0,0,0,0,1,0,0,0,0,0,5490.895,0,0,0,0,0,0,0,0,0,0,0,0,4574.096,137553
0,1,0,0,0,1,1,0,1,1,0,1,1,0,0,0,0,1,0,0,4146.18,0,0,0,0,0,0,0,0,0,0,0,0,0,0,0,0,138082
0,1,1,1,1,0,0,0,0,1,1,1,1,0,0,0,0,1,0,0,8.080085e-10,0,0,4321.365,0,0,0,0,0,29169.4,0,0,0,0,0,0,0,138782
1,1,1,1,1,0,1,0,1,1,0,0,0,1,0,0,0,1,0,0,4056.575,0,0,1218.659,0,0,0,0,0,0,0,0,0,0,0,0,0,140127
0,1,0,1,1,0,0,1,1,0,1,0,0,1,0,0,0,1,0,0,8.045397e-10,0,0,4321.358,0,0,0.0007844515,0,0,29169.46,0,0,0,0,0,0,0,140698
0,1,0,0,1,0,1,0,0,1,1,1,0,1,0,0,0,1,0,0,8.83258e-10,0,0,4321.484,0,0,0,0,0,29168.24,0,0,0,0,0,0,0,142930
0,1,0,1,0,1,0,0,0,0,0,0,1,1,0,0,0,1,0,0,4146.18,0,0,0,0,0,0,0,0,0,0,0,0,0,0,0,0,143402
1,1,0,0,1,1,1,1,0,0,0,0,1,1,0,0,0,1,0,0,4056.573,0,0,1218.646,0,0,0.01332851,0,0,0,0,0,0,0,0,0,0,143603
1,1,1,1,1,0,1,1,1,0,1,0,1,1,0,0,0,1,0,0,1.016829e-09,0,0,4321.673,0,0,0.0006403994,0,0,29166.36,0,0,0,0,0,0,0,144863
1,0,1,0,0,0,0,1,1,0,0,1,1,1,0,0,0,1,0,0,0,0,0,0,0,0,0.0001665666,0,0,0,0,0,0,0,0,0,8341.718,145797
0,1,1,0,1,1,1,1,0,0,1,1,1,1,0,0,0,1,0,0,9.635715e-10,0,0,4321.6,0,0,0.000756905,0,0,29167.08,0,0,0,0,0,0,0,146678
0,1,0,1,1,1,1,0,0,1,1,1,1,1,0,0,0,1,0,0,9.115325e-10,0,0,4321.526,0,0,0,0,0,29167.82,0,0,0,0,0,0,0,147066
1,1,0,1,1,0,0,0,0,1,1,0,0,0,1,0,0,1,0,0,7.578658e-10,0,0,4321.281,0,0,0,0,0,29170.24,0,0,0,0,0,0,0,149019
1,1,0,1,1,0,0,0,1,1,1,0,0,0,1,0,0,1,0,0,7.331688e-10,0,0,4321.238,0,0,0,0,0,29170.67,0,0,0,0,0,0,0,149275
1,1,0,0,0,0,1,0,0,0,0,0,1,0,1,0,0,1,0,0,4146.18,0,0,0,0,0,0,0,0,0,0,0,0,0,0,0,0,151619
0,1,0,1,1,1,0,0,0,1,0,1,1,0,1,0,0,1,0,0,4056.575,0,0,1218.659,0,0,0,0,0,0,0,0,0,0,0,0,0,154170
1,0,0,0,1,1,0,0,0,1,0,0,0,1,1,0,0,1,0,0,0,0,0,5490.895,0,0,0,0,0,0,0,0,0,0,0,0,4574.096,156209
0,0,0,0,1,1,0,0,0,0,0,1,0,1,1,0,0,1,0,0,0,0,0,5490.895,0,0,0,0,0,0,0,0,0,0,0,0,4574.096,157744
1,0,0,0,1,0,0,1,0,0,0,1,0,1,1,0,0,1,0,0,0,0,0,5490.895,0,0,0.0002970416,0,0,0,0,0,0,0,0,0,4574.097,157841
0,1,1,1,1,0,0,1,0,1,0,1,0,1,1,0,0,1,0,0,4056.573,0,0,1218.644,0,0,0.01527917,0,0,0,0,0,0,0,0,0,0,158366
0,1,0,1,1,0,0,1,0,0,1,1,0,1,1,0,0,1,0,0,8.600298e-10,0,0,4321.447,0,0,0.0007676737,0,0,29168.59,0,0,0,0,0,0,0,158874
0,1,1,1,1,1,0,1,1,0,1,1,0,1,1,0,0,1,0,0,9.061075e-10,0,0,4321.517,0,0,0.0007333907,0,0,29167.9,0,0,0,0,0,0,0,159166
0,0,1,1,0,1,1,1,1,1,1,1,0,1,1,0,0,1,0,0,0,0,0,0,0,0,0.0001269613,0,0,34893.14,0,0,0,0,0,0,1211.747,159724
1,1,0,0,1,1,1,0,1,0,0,0,1,1,1,0,0,1,0,0,4056.575,0,0,1218.659,0,0,0,0,0,0,0,0,0,0,0,0,0,160115
0,0,0,0,1,1,0,1,0,1,0,0,0,0,0,1,0,1,0,0,0,0,0,5490.895,0,0,0.0003961545,0,0,0,0,0,0,0,0,0,4574.097,164528
1,0,1,1,0,0,1,0,1,0,1,0,0,0,0,1,0,1,0,0,0,0,0,0,0,0,0,0,0,34893.15,0,0,0,0,0,0,1211.747,165197
0,0,1,0,0,0,1,0,1,1,1,0,0,0,0,1,0,1,0,0,0,0,0,0,0,0,0,0,0,34893.18,0,0,0,0,0,0,1211.737,165700
1,1,0,1,0,1,0,0,0,0,0,0,1,0,0,1,0,1,0,0,4146.18,0,0,0,0,0,0,0,0,0,0,0,0,0,0,0,0,167979
0,0,1,1,0,1,0,1,0,0,0,0,1,0,0,1,0,1,0,0,0,0,0,0,0,0,0.0002154728,0,0,0,0,0,0,0,0,0,8341.718,168108
0,0,0,1,1,0,1,1,0,1,0,0,1,0,0,1,0,1,0,0,0,0,0,5490.895,0,0,0.0003860797,0,0,0,0,0,0,0,0,0,4574.097,168664
1,0,0,1,1,0,1,1,1,0,1,0,1,0,0,1,0,1,0,0,0,0,0,4311.567,0,0,0.0001555788,0,0,29266.04,0,0,0,0,0,0,1.918893e-08,169433
0,0,0,1,0,0,1,1,1,1,1,1,1,0,0,1,0,1,0,0,0,0,0,0,0,0,0.000139163,0,0,34893.18,0,0,0,0,0,0,1211.737,171976
0,0,0,0,1,0,1,0,1,1,0,0,0,1,0,1,0,1,0,0,0,0,0,5490.895,0,0,0,0,0,0,0,0,0,0,0,0,4574.096,172880
1,1,0,0,1,1,1,0,1,1,0,0,0,1,0,1,0,1,0,0,4056.575,0,0,1218.659,0,0,0,0,0,0,0,0,0,0,0,0,0,172915
1,0,1,0,0,0,1,0,1,1,1,0,0,1,0,1,0,1,0,0,0,0,0,0,0,0,0,0,0,34893.13,0,0,0,0,0,0,1211.751,173893
1,1,1,1,1,0,0,1,0,0,0,1,0,1,0,1,0,1,0,0,4056.573,0,0,1218.646,0,0,0.01324035,0,0,0,0,0,0,0,0,0,0,174239
0,1,1,0,0,1,0,1,1,1,0,1,0,1,0,1,0,1,0,0,4146.173,0,0,0,0,0,0.03629947,0,0,0,0,0,0,0,0,0,0,175014
1,0,0,1,0,0,0,0,0,0,1,1,0,1,0,1,0,1,0,0,0,0,0,0,0,0,0,0,0,34893.13,0,0,0,0,0,0,1211.751,175113
0,1,0,1,0,0,0,1,1,1,0,0,1,1,0,1,0,1,0,0,4146.172,0,0,0,0,0,0.03699348,0,0,0,0,0,0,0,0,0,0,177034
1,0,1,0,0,0,0,1,0,1,1,0,1,1,0,1,0,1,0,0,0,0,0,0,0,0,0.0001090674,0,0,34893.12,0,0,0,0,0,0,1211.752,177797
1,0,1,0,1,0,0,0,1,0,0,1,1,1,0,1,0,1,0,0,0,0,0,5490.895,0,0,0,0,0,0,0,0,0,0,0,0,4574.096,178453
0,1,0,0,1,0,1,0,1,1,0,1,1,1,0,1,0,1,0,0,4056.575,0,0,1218.659,0,0,0,0,0,0,0,0,0,0,0,0,0,179026
0,0,1,1,1,0,0,1,0,0,1,1,1,1,0,1,0,1,0,0,0,0,0,4311.635,0,0,0.0001815979,0,0,29265.37,0,0,0,0,0,0,2.561382e-08,179356
0,0,0,0,1,0,0,0,0,0,0,1,0,0,1,1,0,1,0,0,0,0,0,5490.895,0,0,0,0,0,0,0,0,0,0,0,0,4574.096,182288
1,0,0,1,1,1,0,0,1,0,0,1,0,0,1,1,0,1,0,0,0,0,0,5490.895,0,0,0,0,0,0,0,0,0,0,0,0,4574.096,182585
1,0,0,0,1,0,0,1,1,0,0,1,0,0,1,1,0,1,0,0,0,0,0,5490.895,0,0,0.0003005374,0,0,0,0,0,0,0,0,0,4574.097,182673
1,0,1,0,1,0,1,1,1,1,0,1,0,0,1,1,0,1,0,0,0,0,0,5490.895,0,0,0.0002926546,0,0,0,0,0,0,0,0,0,4574.097,183253
0,0,1,1,0,1,1,1,0,1,1,1,0,0,1,1,0,1,0,0,0,0,0,0,0,0,0.0001332218,0,0,34893.18,0,0,0,0,0,0,1211.738,184044
1,0,0,1,1,0,0,0,0,0,0,0,1,0,1,1,0,1,0,0,0,0,0,5490.895,0,0,0,0,0,0,0,0,0,0,0,0,4574.096,184345
1,0,1,1,0,1,0,1,0,0,0,0,1,0,1,1,0,1,0,0,0,0,0,0,0,0,0.0001674611,0,0,0,0,0,0,0,0,0,8341.718,184493
0,0,0,0,1,0,1,1,1,1,1,0,1,0,1,1,0,1,0,0,0,0,0,4311.608,0,0,0.0001832199,0,0,29265.64,0,0,0,0,0,0,2.283924e-08,186320
0,0,1,1,1,0,0,0,1,0,0,1,1,0,1,1,0,1,0,0,0,0,0,5490.895,0,0,0,0,0,0,0,0,0,0,0,0,4574.096,186652
1,0,0,0,1,1,1,1,1,0,0,1,1,0,1,1,0,1,0,0,0,0,0,5490.895,0,0,0.000294585,0,0,0,0,0,0,0,0,0,4574.097,186865
0,0,0,0,1,0,1,0,0,0,0,1,0,1,1,1,0,1,0,0,0,0,0,5490.895,0,0,0,0,0,0,0,0,0,0,0,0,4574.096,190544
0,0,1,0,0,1,1,0,1,0,0,1,0,1,1,1,0,1,0,0,0,0,0,0,0,0,0,0,0,0,0,0,0,0,0,0,8341.718,190820
0,0,0,0,1,0,1,1,0,1,0,1,0,1,1,1,0,1,0,0,0,0,0,5490.895,0,0,0.000362692,0,0,0,0,0,0,0,0,0,4574.097,191184
1,0,1,0,0,0,1,0,1,0,1,1,0,1,1,1,0,1,0,0,0,0,0,0,0,0,0,0,0,34893.12,0,0,0,0,0,0,1211.752,191813
0,1,0,1,1,1,1,0,1,0,1,1,0,1,1,1,0,1,0,0,9.05414e-10,0,0,4321.517,0,0,0,0,0,29167.91,0,0,0,0,0,0,0,191866
0,1,1,1,0,0,0,0,0,0,0,0,1,1,1,1,0,1,0,0,4146.18,0,0,0,0,0,0,0,0,0,0,0,0,0,0,0,0,192526
0,0,0,0,1,0,1,0,0,1,0,0,1,1,1,1,0,1,0,0,0,0,0,5490.895,0,0,0,0,0,0,0,0,0,0,0,0,4574.096,193104
1,1,0,1,1,1,1,1,0,1,0,0,1,1,1,1,0,1,0,0,4056.573,0,0,1218.646,0,0,0.01296262,0,0,0,0,0,0,0,0,0,0,193275
1,1,1,0,1,1,1,1,0,0,1,0,1,1,1,1,0,1,0,0,1.100551e-09,0,0,4321.781,0,0,0.0006328257,0,0,29165.29,0,0,0,0,0,0,0,193783
0,1,1,0,1,0,1,0,1,1,1,0,1,1,1,1,0,1,0,0,9.83915e-10,0,0,4321.629,0,0,0,0,0,29166.8,0,0,0,0,0,0,0,194390
0,0,0,1,0,1,0,1,0,0,0,1,1,1,1,1,0,1,0,0,0,0,0,0,0,0,0.0002052448,0,0,0,0,0,0,0,0,0,8341.718,194728
0,0,0,0,0,1,0,1,1,1,0,1,1,1,1,1,0,1,0,0,0,0,0,0,0,0,0.0002012669,0,0,0,0,0,0,0,0,0,8341.718,195488
0,1,1,1,1,1,1,1,0,0,1,1,1,1,1,1,0,1,0,0,1.009651e-09,0,0,4321.663,0,0,0.0007328264,0,0,29166.46,0,0,0,0,0,0,0,195838
0,0,0,1,0,0,0,1,0,1,0,0,0,0,0,0,1,1,0,0,0,0,0,0,0,0,0.0001075644,0,0,0,0,0,0,0,0,21699.97,0,197256
1,1,0,1,1,1,0,1,0,1,1,0,0,0,0,0,1,1,0,0,0,0,0,0,0,0,8.335458e-05,0,0,136.0722,0,0,0,0,0,21699.58,0,198331
1,0,1,0,1,0,1,1,0,1,1,0,0,0,0,0,1,1,0,0,0,0,0,0,0,0,8.12452e-05,0,0,104.9638,0,0,0,0,0,21699.67,0,198357
1,0,0,0,1,1,0,0,1,1,1,1,0,0,0,0,1,1,0,0,0,0,0,0,0,0,0,0,0,105.1927,0,0,0,0,0,21699.67,0,200497
0,1,1,0,0,1,0,1,1,0,1,1,1,0,0,0,1,1,0,0,0,0,0,0,0,0,0.0004106945,0,0,5546.547,0,0,0,0,0,21683.93,0,204198
1,1,0,0,1,0,1,1,1,0,1,0,0,1,0,0,1,1,0,0,0,0,0,0,0,0,8.066329e-05,0,0,122.6121,0,0,0,0,0,21699.62,0,206291
1,1,0,1,1,0,1,0,0,1,0,1,0,1,0,0,1,1,0,0,0,0,0,0,0,0,0,0,0,0,0,0,0,0,0,21699.97,0,207451
1,0,1,0,1,1,1,1,1,0,1,1,0,1,0,0,1,1,0,0,0,0,0,0,0,0,7.860899e-05,0,0,97.16804,0,0,0,0,0,21699.69,0,208373
0,0,0,1,0,1,0,0,1,1,0,0,1,1,0,0,1,1,0,0,0,0,0,0,0,0,0,0,0,0,0,0,0,0,0,21699.97,0,209704
0,1,0,0,0,1,1,1,1,1,0,0,1,1,0,0,1,1,0,0,0,0,0,0,0,0,0.0001019932,0,0,0,0,0,0,0,0,21699.97,0,209890
1,0,1,0,1,0,0,1,0,1,1,0,1,1,0,0,1,1,0,0,0,0,0,0,0,0,7.859637e-05,0,0,96.64494,0,0,0,0,0,21699.7,0,210581
0,1,0,1,0,0,1,1,0,1,1,1,1,1,0,0,1,1,0,0,0,0,0,0,0,0,0.0001028447,0,0,294.5845,0,0,0,0,0,21699.13,0,212682
0,1,0,1,1,0,1,1,0,1,1,1,1,1,0,0,1,1,0,0,0,0,0,0,0,0,9.392402e-05,0,0,129.8007,0,0,0,0,0,21699.6,0,212698
1,0,0,1,1,0,1,0,0,0,0,1,0,0,1,0,1,1,0,0,0,0,0,0,0,0,0,0,0,0,0,0,0,0,0,21699.97,0,215129
1,0,1,1,0,0,1,1,0,0,0,1,0,0,1,0,1,1,0,0,0,0,0,0,0,0,8.250146e-05,0,0,0,0,0,0,0,0,21699.97,0,215245
0,1,1,1,1,1,1,0,0,1,1,1,0,0,1,0,1,1,0,0,0,0,0,0,0,0,0,0,0,143.1927,0,0,0,0,0,21699.56,0,216702
0,0,1,0,0,1,1,1,1,0,0,0,1,0,1,0,1,1,0,0,0,0,0,0,0,0,9.548466e-05,0,0,0,0,0,0,0,0,21699.97,0,217572
1,1,1,0,1,0,0,1,1,0,0,1,1,0,1,0,1,1,0,0,0,0,0,0,0,0,7.941932e-05,0,0,0,0,0,0,0,0,21699.97,0,219543
0,1,0,0,1,0,0,1,1,1,0,1,1,0,1,0,1,1,0,0,0,0,0,0,0,0,9.507894e-05,0,0,0,0,0,0,0,0,21699.97,0,220050
1,1,0,1,1,0,1,0,0,1,1,1,1,0,1,0,1,1,0,0,0,0,0,0,0,0,0,0,0,129.7852,0,0,0,0,0,21699.6,0,220763
1,1,1,1,1,0,1,1,0,1,0,0,0,1,1,0,1,1,0,0,0,0,0,0,0,0,7.988904e-05,0,0,0,0,0,0,0,0,21699.97,0,221919
0,0,1,1,0,0,0,1,0,0,1,0,0,1,1,0,1,1,0,0,0,0,0,0,0,0,9.313873e-05,0,0,134.9107,0,0,0,0,0,21699.59,0,222348
0,1,1,0,0,0,0,0,0,0,0,1,0,1,1,0,1,1,0,0,4146.18,0,0,0,0,0,0,0,0,0,0,0,0,0,0,0,0,223238
0,0,1,0,1,0,0,1,1,0,0,1,0,1,1,0,1,1,0,0,0,0,0,0,0,0,9.23262e-05,0,0,0,0,0,0,0,0,21699.97,0,223636
0,0,1,0,0,0,0,0,0,1,0,1,0,1,1,0,1,1,0,0,0,0,0,0,0,0,0,0,0,0,0,0,0,0,0,21699.97,0,223748
0,0,0,0,0,0,0,1,0,1,1,1,1,1,1,0,1,1,0,0,0,0,0,0,0,0,9.373923e-05,0,0,133.6745,0,0,0,0,0,21699.59,0,228992
1,0,0,0,0,1,0,0,0,0,0,0,0,0,0,1,1,1,0,0,0,0,0,0,0,0,0,0,0,0,0,0,0,0,0,21699.97,0,229409
1,1,1,1,1,0,0,0,1,0,0,0,0,0,0,1,1,1,0,0,0,0,0,0,0,0,0,0,0,0,0,0,0,0,0,21699.97,0,229663
1,0,1,0,1,0,0,0,0,1,1,0,0,0,0,1,1,1,0,0,0,0,0,0,0,0,0,0,0,103.1668,0,0,0,0,0,21699.68,0,230933
1,0,1,0,1,0,1,0,1,0,1,1,0,0,0,1,1,1,0,0,0,0,0,0,0,0,0,0,0,102.3997,0,0,0,0,0,21699.68,0,232789
0,0,0,0,1,1,1,1,1,0,0,0,1,0,0,1,1,1,0,0,0,0,0,0,0,0,9.965206e-05,0,0,0,0,0,0,0,0,21699.97,0,233968
1,0,1,1,0,1,0,1,1,1,0,1,1,0,0,1,1,1,0,0,0,0,0,0,0,0,8.236777e-05,0,0,0,0,0,0,0,0,21699.97,0,236461
0,1,0,1,0,1,1,1,0,0,1,1,1,0,0,1,1,1,0,0,0,0,0,0,0,0,0.0004384039,0,0,5567.049,0,0,0,0,0,21683.87,0,236778
0,0,1,1,1,0,0,1,1,0,1,1,1,0,0,1,1,1,0,0,0,0,0,0,0,0,9.344509e-05,0,0,108.7747,0,0,0,0,0,21699.66,0,236956
0,0,0,0,0,0,0,0,0,1,0,0,0,1,0,1,1,1,0,0,0,0,0,0,0,0,0,0,0,0,0,0,0,0,0,21699.97,0,238080
0,1,0,0,0,1,1,1,0,0,1,0,0,1,0,1,1,1,0,0,0,0,0,0,0,0,0.0004015539,0,0,5493.587,0,0,0,0,0,21684.09,0,238818
0,0,1,1,1,1,1,0,1,1,1,0,0,1,0,1,1,1,0,0,0,0,0,0,0,0,0,0,0,101.9208,0,0,0,0,0,21699.68,0,239484
0,1,0,1,0,0,1,1,1,0,1,1,0,1,0,1,1,1,0,0,0,0,0,0,0,0,0.0001015638,0,0,253.6666,0,0,0,0,0,21699.24,0,241098
0,0,1,1,0,0,1,0,0,0,0,0,1,1,0,1,1,1,0,0,0,0,0,0,0,0,0,0,0,0,0,0,0,0,0,21699.97,0,241740
1,1,0,1,0,1,0,1,1,0,1,0,1,1,0,1,1,1,0,0,0,0,0,0,0,0,8.103107e-05,0,0,144.3869,0,0,0,0,0,21699.56,0,243115
1,0,0,0,1,0,1,1,0,1,1,0,1,1,0,1,1,1,0,0,0,0,0,0,0,0,8.01407e-05,0,0,97.34934,0,0,0,0,0,21699.69,0,243409
1,0,1,0,0,1,1,1,0,0,0,0,0,0,1,1,1,1,0,0,0,0,0,0,0,0,8.242501e-05,0,0,0,0,0,0,0,0,21699.97,0,245989
0,1,1,0,0,1,1,0,0,1,0,0,0,0,1,1,1,1,0,0,4146.18,0,0,0,0,0,0,0,0,0,0,0,0,0,0,0,0,246374
1,1,0,1,0,1,0,0,1,1,0,1,0,0,1,1,1,1,0,0,0,0,0,0,0,0,0,0,0,0,0,0,0,0,0,21699.97,0,248619
0,1,1,1,0,0,0,1,0,1,0,1,1,0,1,1,1,1,0,0,4146.174,0,0,0,0,0,0.03049328,0,0,0,0,0,0,0,0,0,0,252558
0,0,0,0,0,0,0,0,1,0,1,1,1,0,1,1,1,1,0,0,0,0,0,0,0,0,0,0,0,159.2238,0,0,0,0,0,21699.52,0,253184
1,0,1,1,1,0,0,1,1,0,1,1,1,0,1,1,1,1,0,0,0,0,0,0,0,0,7.752525e-05,0,0,101.2208,0,0,0,0,0,21699.68,0,253341
0,1,1,1,1,1,1,0,0,1,1,1,1,0,1,1,1,1,0,0,0,0,0,0,0,0,0,0,0,137.5366,0,0,0,0,0,21699.58,0,253566
0,1,0,0,0,1,0,1,0,1,1,1,1,0,1,1,1,1,0,0,0,0,0,0,0,0,0.000412294,0,0,5543.593,0,0,0,0,0,21683.94,0,253602
0,1,0,1,0,0,1,1,0,1,1,1,1,0,1,1,1,1,0,0,0,0,0,0,0,0,0.0004176733,0,0,5554,0,0,0,0,0,21683.91,0,253642
1,1,0,0,0,1,1,1,0,1,1,1,1,0,1,1,1,1,0,0,0,0,0,0,0,0,8.239691e-05,0,0,177.7841,0,0,0,0,0,21699.46,0,253667
0,0,0,1,0,0,0,0,0,1,1,0,0,1,1,1,1,1,0,0,0,0,0,0,0,0,0,0,0,135.9095,0,0,0,0,0,21699.58,0,255496
0,0,0,0,1,0,0,0,0,1,1,0,0,1,1,1,1,1,0,0,0,0,0,0,0,0,0,0,0,102.7709,0,0,0,0,0,21699.68,0,255504
1,0,0,0,0,1,0,1,0,1,1,0,0,1,1,1,1,1,0,0,0,0,0,0,0,0,8.051552e-05,0,0,116.1252,0,0,0,0,0,21699.64,0,255649
1,0,0,1,1,1,0,0,0,0,0,1,0,1,1,1,1,1,0,0,0,0,0,0,0,0,0,0,0,0,0,0,0,0,0,21699.97,0,256057
1,0,1,0,0,1,0,0,1,1,0,1,0,1,1,1,1,1,0,0,0,0,0,0,0,0,0,0,0,0,0,0,0,0,0,21699.97,0,256805
1,0,1,1,1,0,1,0,0,1,1,1,0,1,1,1,1,1,0,0,0,0,0,0,0,0,0,0,0,95.70962,0,0,0,0,0,21699.7,0,257629
1,1,0,1,0,0,0,0,0,0,0,0,1,1,1,1,1,1,0,0,0,0,0,0,0,0,0,0,0,0,0,0,0,0,0,21699.97,0,258059
0,1,1,1,1,0,1,0,0,0,0,0,1,1,1,1,1,1,0,0,0,0,0,0,0,0,0,0,0,0,0,0,0,0,0,21699.97,0,258142
1,1,0,0,1,0,1,1,0,0,1,0,1,1,1,1,1,1,0,0,0,0,0,0,0,0,7.849306e-05,0,0,118.6099,0,0,0,0,0,21699.63,0,259283
0,0,0,1,1,0,1,1,0,0,0,1,1,1,1,1,1,1,0,0,0,0,0,0,0,0,9.445155e-05,0,0,0,0,0,0,0,0,21699.97,0,260312
0,1,1,0,0,1,1,0,1,1,0,1,1,1,1,1,1,1,0,0,0,0,0,0,0,0,0,0,0,0,0,0,0,0,0,21699.97,0,260966
