"Bar.action","undLac.action","uncLac.action","Oth.action","Bla.action","undMol.action","Akk.action","Cop.action","Clodif.action","Ent.action","undEnt.action","environment.initial","Bar.outcome","undLac.outcome","uncLac.outcome","Oth.outcome","Bla.outcome","undMol.outcome","Akk.outcome","Cop.outcome","Clodif.outcome","Ent.outcome","undEnt.outcome","state_idx"
1,0,0,0,0,0,0,0,0,0,0,0,1.79406317020861,0,0,0,0,0,0,0,0,0,0,1
0,1,0,0,0,0,0,0,0,0,0,0,0,2.95766993993707,0,0,0,0,0,0,0,0,0,2
0,0,1,0,0,0,0,0,0,0,0,0,0,0,3.50423145050186,0,0,0,0,0,0,0,0,4
0,0,0,1,0,0,0,0,0,0,0,0,0,0,0,0.649696240601505,0,0,0,0,0,0,0,8
1,0,0,1,0,0,0,0,0,0,0,0,2.05840496549528,0,0,0.24207634120881,0,0,0,0,0,0,0,9
0,0,0,0,1,0,0,0,0,0,0,0,0,0,0,0,1.00056450930029,0,0,0,0,0,0,16
1,0,0,1,1,0,0,0,0,0,0,0,1.60319618456643,0,0,0.294186773143698,0.583175696945677,0,0,0,0,0,0,25
0,0,1,1,1,0,0,0,0,0,0,0,0,0,3.50437374395616,0.0498190927017857,0.166970844527518,0,0,0,0,0,0,28
0,1,1,1,1,0,0,0,0,0,0,0,0,0,3.50437374395616,0.0498190927017857,0.166970844527518,0,0,0,0,0,0,30
0,0,0,0,0,1,0,0,0,0,0,0,0,0,0,0,0,1.11351914068045,0,0,0,0,0,32
0,1,0,0,0,1,0,0,0,0,0,0,0,2.50579461972553,0,0,0,1.27377592950788,0,0,0,0,0,34
1,1,0,0,0,1,0,0,0,0,0,0,2.37211935556954,4.64302289696155,0,0,0,1.52204054520382,0,0,0,0,0,35
0,0,0,0,1,1,0,0,0,0,0,0,0,0,0,0,1.43148872821817,1.16837944073174,0,0,0,0,0,48
1,1,0,0,1,1,0,0,0,0,0,0,2.37211935556954,4.64302289696155,0,0,0,1.52204054520382,0,0,0,0,0,51
0,1,1,0,1,1,0,0,0,0,0,0,0,0,2.98453181705834,0,0.761027374919087,1.23907860988407,0,0,0,0,0,54
0,1,1,1,1,1,0,0,0,0,0,0,0,0,2.94869453739773,0.170837263001766,0.747654518719693,1.32644078206037,0,0,0,0,0,62
0,0,0,0,0,0,1,0,0,0,0,0,0,0,0,0,0,0,0.189458924447378,0,0,0,0,64
1,0,0,1,0,0,1,0,0,0,0,0,2.05840496549528,0,0,0.24207634120881,0,0,0,0,0,0,0,73
0,0,0,0,0,1,1,0,0,0,0,0,0,0,0,0,0,1.1057577893107,0.0204031146282261,0,0,0,0,96
1,0,0,0,0,1,1,0,0,0,0,0,1.15875489248297,0,0,0,0,1.16802443102601,0,0,0,0,0,97
0,1,0,0,0,1,1,0,0,0,0,0,0,2.50579461972553,0,0,0,1.27377592950788,0,0,0,0,0,98
0,0,0,1,0,1,1,0,0,0,0,0,0,0,0,0.723289691988043,0,1.49046283171865,0,0,0,0,0,104
0,0,1,1,0,1,1,0,0,0,0,0,0,0,2.9507252952791,0.219086086563431,0,1.32299825697531,0,0,0,0,0,108
0,0,0,0,1,1,1,0,0,0,0,0,0,0,0,0,1.43148872821817,1.16837944073174,0,0,0,0,0,112
0,1,0,0,1,1,1,0,0,0,0,0,0,2.04821804239536,0,0,0.93161674630575,1.28021509005027,0,0,0,0,0,114
0,1,0,1,1,1,1,0,0,0,0,0,0,2.35098508920747,0,0.228047666631479,0.829127899776424,1.41449806273568,0,0,0,0,0,122
0,1,1,1,1,1,1,0,0,0,0,0,0,0,2.94869453739773,0.170837263001766,0.747654518719693,1.32644078206037,0,0,0,0,0,126
0,0,0,0,0,0,0,1,0,0,0,0,0,0,0,0,0,0,0,0.190781005792038,0,0,0,128
1,0,0,0,0,0,0,1,0,0,0,0,1.7835597612036,0,0,0,0,0,0,0.0302409502430464,0,0,0,129
0,0,1,0,0,0,0,1,0,0,0,0,0,0,3.50423145050186,0,0,0,0,0,0,0,0,132
0,1,0,1,0,0,0,1,0,0,0,0,0,3.06280969210226,0,0.0798386201737919,0,0,0,0,0,0,0,138
1,1,0,1,0,0,0,1,0,0,0,0,3.75682052932352,6.4819680278804,0,0,0,0,0,0,0,0,0,139
0,1,1,0,1,0,0,1,0,0,0,0,0,0,3.50414098763227,0,0.182760175104084,0,0,0,0,0,0,150
0,0,0,0,0,1,0,1,0,0,0,0,0,0,0,0,0,1.14433603045501,0,0.077075960897765,0,0,0,160
0,1,0,0,0,1,0,1,0,0,0,0,0,2.50579461972553,0,0,0,1.27377592950788,0,0,0,0,0,162
0,1,1,0,0,1,0,1,0,0,0,0,0,0,2.99696410222578,0,0,1.21031457190054,0,0,0,0,0,166
0,0,1,1,0,1,0,1,0,0,0,0,0,0,2.9507252952791,0.219086086563431,0,1.32299825697531,0,0,0,0,0,172
0,0,0,0,0,0,1,1,0,0,0,0,0,0,0,0,0,0,0.0879603826359452,0.218876653431363,0,0,0,192
0,1,0,1,0,0,1,1,0,0,0,0,0,3.06280969210226,0,0.0798386201737919,0,0,0,0,0,0,0,202
1,1,0,1,0,0,1,1,0,0,0,0,3.75682052932352,6.4819680278804,0,0,0,0,0,0,0,0,0,203
0,0,0,0,1,0,1,1,0,0,0,0,0,0,0,0,0.793276693337161,0,0,0.291723769360176,0,0,0,208
0,1,0,1,0,1,1,1,0,0,0,0,0,2.73754791120529,0,0.209369608941227,0,1.39771092923218,0,0,0,0,0,234
0,0,0,0,1,1,1,1,0,0,0,0,0,0,0,0,1.29935430263296,1.25581082881638,0,0.231339510701727,0,0,0,240
0,1,1,0,1,1,1,1,0,0,0,0,0,0,2.98453181705834,0,0.761027374919087,1.23907860988407,0,0,0,0,0,246
0,0,0,0,0,0,0,0,1,0,0,0,0,0,0,0,0,0,0,0,7.02609163453778,0,0,256
1,0,1,0,1,0,0,0,1,0,0,0,0.237960439732351,0,0,0,0,0,0,0,8.50403655162394,0,0,277
1,1,0,1,1,0,0,0,1,0,0,0,0.173554801944776,0.200625584960174,0,0,0,0,0,0,9.18800671392584,0,0,283
0,0,0,1,0,1,0,0,1,0,0,0,0,0,0,0,0,2.13115877519994,0,0,13.320395414246,0,0,296
0,0,0,0,1,1,0,0,1,0,0,0,0,0,0,0,0,2.13115877519994,0,0,13.320395414246,0,0,304
0,1,0,0,1,1,0,0,1,0,0,0,0,0,0,0,0,2.13115877519994,0,0,13.320395414246,0,0,306
0,1,0,0,0,0,1,0,1,0,0,0,0,0.266779522538217,0,0,0,0,0,0,8.46750955152454,0,0,322
1,1,1,0,0,0,1,0,1,0,0,0,0.173554801944783,0.20062558496017,0,0,0,0,0,0,9.18800671392584,0,0,327
1,0,0,0,1,0,1,0,1,0,0,0,0.237960439732357,0,0,0,0,0,0,0,8.50403655162383,0,0,337
1,0,0,1,1,0,1,0,1,0,0,0,0.237960439732357,0,0,0,0,0,0,0,8.50403655162383,0,0,345
0,0,0,0,0,1,1,0,1,0,0,0,0,0,0,0,0,2.13115877519993,0,0,13.320395414246,0,0,352
1,0,1,0,0,1,1,0,1,0,0,0,0,0,0,0,0,2.13115877519994,0,0,13.320395414246,0,0,357
1,1,1,1,0,1,1,0,1,0,0,0,0,0,0,0,0,2.13115877519994,0,0,13.320395414246,0,0,367
1,0,0,0,1,1,1,0,1,0,0,0,0,0,0,0,0,2.13115877519994,0,0,13.320395414246,0,0,369
1,0,1,1,1,1,1,0,1,0,0,0,0,0,0,0,0,2.13115877519994,0,0,13.320395414246,0,0,381
1,0,1,0,0,0,0,1,1,0,0,0,0.237960439732351,0,0,0,0,0,0,0,8.50403655162394,0,0,389
0,0,0,1,0,0,0,1,1,0,0,0,0,0,0,0,0,0,0,0,7.0260916345378,0,0,392
1,1,0,1,0,0,0,1,1,0,0,0,0.173554801944776,0.200625584960174,0,0,0,0,0,0,9.18800671392584,0,0,395
1,1,1,1,0,0,0,1,1,0,0,0,0.173554801944783,0.20062558496017,0,0,0,0,0,0,9.18800671392584,0,0,399
0,0,0,0,0,1,0,1,1,0,0,0,0,0,0,0,0,2.13115877519993,0,0,13.320395414246,0,0,416
0,1,0,0,0,1,0,1,1,0,0,0,0,0,0,0,0,2.13115877519994,0,0,13.320395414246,0,0,418
0,1,1,0,0,1,0,1,1,0,0,0,0,0,0,0,0,2.13115877519994,0,0,13.320395414246,0,0,422
0,0,0,1,0,1,0,1,1,0,0,0,0,0,0,0,0,2.13115877519994,0,0,13.320395414246,0,0,424
1,1,0,1,0,1,0,1,1,0,0,0,0,0,0,0,0,2.13115877519994,0,0,13.320395414246,0,0,427
1,1,1,1,0,1,0,1,1,0,0,0,0,0,0,0,0,2.13115877519994,0,0,13.320395414246,0,0,431
1,0,1,0,1,1,0,1,1,0,0,0,0,0,0,0,0,2.13115877519994,0,0,13.320395414246,0,0,437
0,0,0,0,0,0,1,1,1,0,0,0,0,0,0,0,0,0,0,0,7.02609163453778,0,0,448
1,1,0,0,0,0,1,1,1,0,0,0,0.173554801944776,0.200625584960174,0,0,0,0,0,0,9.18800671392584,0,0,451
0,0,1,0,0,0,1,1,1,0,0,0,0,0,0.0149554434810866,0,0,0,0,0,7.10455961041903,0,0,452
0,1,0,0,1,0,1,1,1,0,0,0,0,0.266779522538217,0,0,0,0,0,0,8.46750955152454,0,0,466
0,0,1,0,1,0,1,1,1,0,0,0,0,0,0.0149549150652045,0,0,0,0,0,7.10455679896674,0,0,468
1,0,0,1,1,0,1,1,1,0,0,0,0.237960439732357,0,0,0,0,0,0,0,8.50403655162383,0,0,473
0,1,0,0,0,1,1,1,1,0,0,0,0,0,0,0,0,2.13115877519994,0,0,13.320395414246,0,0,482
0,0,1,1,0,1,1,1,1,0,0,0,0,0,0,0,0,2.13115877519994,0,0,13.320395414246,0,0,492
1,0,1,1,0,1,1,1,1,0,0,0,0,0,0,0,0,2.13115877519994,0,0,13.320395414246,0,0,493
0,0,0,0,1,1,1,1,1,0,0,0,0,0,0,0,0,2.13115877519994,0,0,13.320395414246,0,0,496
0,0,0,0,0,0,0,0,0,1,0,0,0,0,0,0,0,0,0,0,0,1.51329828761776,0,512
1,0,0,0,0,0,0,0,0,1,0,0,1.46843422292451,0,0,0,0,0,0,0,0,1.58120792484751,0,513
0,1,0,0,0,0,0,0,0,1,0,0,0,2.72940607637992,0,0,0,0,0,0,0,1.82698181217168,0,514
1,0,0,1,0,0,0,0,0,1,0,0,1.59444161676341,0,0,0.112199185491557,0,0,0,0,0,1.56426843622471,0,521
0,0,0,0,1,0,0,0,0,1,0,0,0,0,0,0,0.193288579020924,0,0,0,0,1.73903134003391,0,528
0,1,0,1,1,0,0,0,0,1,0,0,0,2.72940607637993,0,0,0,0,0,0,0,1.82698181217168,0,538
0,0,0,0,1,1,0,0,0,1,0,0,0,0,0,0,0.603895797632298,1.22644338659068,0,0,0,1.82893086786037,0,560
1,0,0,1,1,1,0,0,0,1,0,0,0.581255168247932,0,0,0.336253597041294,0.53513445613648,1.41743786371398,0,0,0,1.64660043072248,0,569
1,0,0,0,0,0,1,0,0,1,0,0,1.46843422292452,0,0,0,0,0,0,0,0,1.5812079248475,0,577
0,0,1,0,0,0,1,0,0,1,0,0,0,0,3.83327975277871,0,0,0,0,0,0,1.39440735935665,0,580
0,1,1,1,0,0,1,0,0,1,0,0,0,0,3.8332797527787,0,0,0,0,0,0,1.39440735935664,0,590
0,1,0,0,1,0,1,0,0,1,0,0,0,2.72940607637992,0,0,0,0,0,0,0,1.82698181217168,0,594
0,0,1,0,1,0,1,0,0,1,0,0,0,0,3.83327975277871,0,0,0,0,0,0,1.39440735935665,0,596
0,1,0,1,1,0,1,0,0,1,0,0,0,2.72940607637993,0,0,0,0,0,0,0,1.82698181217168,0,602
0,1,0,0,0,1,1,0,0,1,0,0,0,2.31682582325148,0,0,0,1.32833220811125,0,0,0,1.35756565702661,0,610
0,0,0,0,1,1,1,0,0,1,0,0,0,0,0,0,0.603895797632297,1.22644338659067,0,0,0,1.82893086786037,0,624
0,0,0,0,0,0,0,1,0,1,0,0,0,0,0,0,0,0,0,0,0,1.51329828761776,0,640
1,0,0,1,1,0,0,1,0,1,0,0,1.5944416167634,0,0,0.112199185491557,0,0,0,0,0,1.56426843622472,0,665
0,1,0,1,1,0,0,1,0,1,0,0,0,2.72940607637993,0,0,0,0,0,0,0,1.82698181217168,0,666
0,1,1,0,0,1,0,1,0,1,0,0,0,0,3.21187032618372,0,0,1.26689445223122,0,0,0,1.01119950632896,0,678
0,0,0,1,0,1,0,1,0,1,0,0,0,0,0,0.590648713233664,0,1.46686381943168,0,0,0,0.927437336466985,0,680
0,0,0,1,1,1,0,1,0,1,0,0,0,0,0,0.442865284688814,0.615230850381493,1.45042329453594,0,0,0,1.68114825986486,0,696
0,0,1,1,1,1,0,1,0,1,0,0,0,0,3.24801766176347,3.9898761958856e-07,0.161680620309641,1.28321776169389,0,0,0,1.19371205987239,0,700
0,1,0,1,0,0,1,1,0,1,0,0,0,2.72940607637993,0,0,0,0,0,0,0,1.82698181217168,0,714
0,0,1,1,0,0,1,1,0,1,0,0,0,0,3.8332797527787,0,0,0,0,0,0,1.39440735935664,0,716
0,1,0,0,1,0,1,1,0,1,0,0,0,2.72940607637992,0,0,0,0,0,0,0,1.82698181217168,0,722
0,0,1,0,1,0,1,1,0,1,0,0,0,0,3.83327975277871,0,0,0,0,0,0,1.39440735935665,0,724
0,0,0,1,1,0,1,1,0,1,0,0,0,0,0,0.458807821575466,0.136023582246996,0,0.132116391508529,0,0,1.71100663102696,0,728
1,0,0,0,0,1,1,1,0,1,0,0,0.893523213152896,0,0,0,0,1.21294731179468,0,0,0,1.16927780038777,0,737
1,1,0,0,0,1,1,1,0,1,0,0,1.83325263036388,3.93963832429271,0,0,0,1.52854538496677,0,0,0,1.56524644890271,0,739
1,1,0,0,1,1,1,1,0,1,0,0,1.83325263036389,3.93963832429271,0,0,0,1.52854538496677,0,0,0,1.56524644890271,0,755
0,0,1,0,1,1,1,1,0,1,0,0,0,0,3.24801777542459,0,0.161680589915273,1.28321755781496,0,0,0,1.19371217169378,0,756
0,0,0,0,0,0,0,0,1,1,0,0,0,0,0,0,0,0,0,0,11.8048431119118,2.39560478367278,0,768
1,0,0,0,0,0,0,0,1,1,0,0,0,0,0,0,0,0,0,0,11.8048431119118,2.3956047836728,0,769
1,0,1,0,0,0,0,0,1,1,0,0,0,0,0,0,0,0,0,0,11.8048431119118,2.3956047836728,0,773
1,1,0,1,0,0,0,0,1,1,0,0,0,0,0,0,0,0,0,0,11.8048431119118,2.3956047836728,0,779
1,0,1,1,0,0,0,0,1,1,0,0,0,0,0,0,0,0,0,0,11.8048431119118,2.3956047836728,0,781
0,0,1,0,1,0,0,0,1,1,0,0,0,0,0,0,0,0,0,0,11.8048431119118,2.3956047836728,0,788
1,0,1,0,1,0,0,0,1,1,0,0,0,0,0,0,0,0,0,0,11.8048431119118,2.3956047836728,0,789
0,0,0,1,1,0,0,0,1,1,0,0,0,0,0,0,0,0,0,0,11.8048431119118,2.39560478367278,0,792
0,1,1,1,1,0,0,0,1,1,0,0,0,0,0,0,0,0,0,0,11.8048431119118,2.3956047836728,0,798
0,0,0,1,0,1,0,0,1,1,0,0,0,0,0,0,0,2.675179436551,0,0,19.0978977786287,2.09081460288819,0,808
0,0,1,1,0,1,0,0,1,1,0,0,0,0,0,0,0,2.675179436551,0,0,19.0978977786287,2.09081460288819,0,812
1,0,1,1,0,1,0,0,1,1,0,0,0,0,0,0,0,2.675179436551,0,0,19.0978977786287,2.09081460288819,0,813
0,1,1,1,0,1,0,0,1,1,0,0,0,0,0,0,0,2.67517943655101,0,0,19.0978977786288,2.0908146028882,0,814
0,1,0,0,1,1,0,0,1,1,0,0,0,0,0,0,0,2.67517943655101,0,0,19.0978977786288,2.0908146028882,0,818
1,0,1,0,1,1,0,0,1,1,0,0,0,0,0,0,0,2.67517943655101,0,0,19.0978977786288,2.0908146028882,0,821
0,1,0,1,1,1,0,0,1,1,0,0,0,0,0,0,0,2.67517943655101,0,0,19.0978977786288,2.0908146028882,0,826
1,1,0,1,0,0,1,0,1,1,0,0,0,0,0,0,0,0,0,0,11.8048431119118,2.3956047836728,0,843
1,0,0,0,0,1,1,0,1,1,0,0,0,0,0,0,0,2.675179436551,0,0,19.0978977786287,2.09081460288819,0,865
0,1,1,0,0,1,1,0,1,1,0,0,0,0,0,0,0,2.67517943655101,0,0,19.0978977786288,2.0908146028882,0,870
1,0,0,1,0,1,1,0,1,1,0,0,0,0,0,0,0,2.675179436551,0,0,19.0978977786287,2.09081460288819,0,873
1,1,0,0,1,1,1,0,1,1,0,0,0,0,0,0,0,2.67517943655101,0,0,19.0978977786288,2.0908146028882,0,883
0,0,0,0,0,0,0,1,1,1,0,0,0,0,0,0,0,0,0,0,11.8048431119118,2.39560478367278,0,896
1,0,1,0,0,0,0,1,1,1,0,0,0,0,0,0,0,0,0,0,11.8048431119118,2.3956047836728,0,901
1,1,1,0,0,0,0,1,1,1,0,0,0,0,0,0,0,0,0,0,11.8048431119118,2.3956047836728,0,903
0,0,0,1,0,0,0,1,1,1,0,0,0,0,0,0,0,0,0,0,11.8048431119118,2.39560478367278,0,904
1,0,0,1,0,0,0,1,1,1,0,0,0,0,0,0,0,0,0,0,11.8048431119118,2.3956047836728,0,905
0,0,1,1,0,0,0,1,1,1,0,0,0,0,0,0,0,0,0,0,11.8048431119118,2.3956047836728,0,908
0,0,0,0,1,0,0,1,1,1,0,0,0,0,0,0,0,0,0,0,11.8048431119118,2.39560478367278,0,912
0,0,1,0,1,0,0,1,1,1,0,0,0,0,0,0,0,0,0,0,11.8048431119118,2.3956047836728,0,916
1,0,1,0,1,0,0,1,1,1,0,0,0,0,0,0,0,0,0,0,11.8048431119118,2.3956047836728,0,917
0,1,1,0,1,0,0,1,1,1,0,0,0,0,0,0,0,0,0,0,11.8048431119118,2.3956047836728,0,918
0,0,0,1,1,0,0,1,1,1,0,0,0,0,0,0,0,0,0,0,11.8048431119118,2.39560478367278,0,920
0,0,1,1,1,0,0,1,1,1,0,0,0,0,0,0,0,0,0,0,11.8048431119118,2.3956047836728,0,924
0,1,1,1,1,0,0,1,1,1,0,0,0,0,0,0,0,0,0,0,11.8048431119118,2.3956047836728,0,926
0,1,0,0,1,1,0,1,1,1,0,0,0,0,0,0,0,2.67517943655101,0,0,19.0978977786288,2.0908146028882,0,946
1,0,0,1,1,1,0,1,1,1,0,0,0,0,0,0,0,2.675179436551,0,0,19.0978977786287,2.09081460288819,0,953
0,1,0,1,1,1,0,1,1,1,0,0,0,0,0,0,0,2.67517943655101,0,0,19.0978977786288,2.0908146028882,0,954
1,1,1,1,0,0,1,1,1,1,0,0,0,0,0,0,0,0,0,0,11.8048431119118,2.3956047836728,0,975
0,1,1,1,1,0,1,1,1,1,0,0,0,0,0,0,0,0,0,0,11.8048431119118,2.3956047836728,0,990
1,1,0,0,0,1,1,1,1,1,0,0,0,0,0,0,0,2.67517943655101,0,0,19.0978977786288,2.0908146028882,0,995
0,0,0,1,0,1,1,1,1,1,0,0,0,0,0,0,0,2.675179436551,0,0,19.0978977786287,2.09081460288819,0,1000
1,1,0,1,0,1,1,1,1,1,0,0,0,0,0,0,0,2.67517943655101,0,0,19.0978977786288,2.0908146028882,0,1003
0,0,1,1,0,1,1,1,1,1,0,0,0,0,0,0,0,2.675179436551,0,0,19.0978977786287,2.09081460288819,0,1004
1,0,1,1,0,1,1,1,1,1,0,0,0,0,0,0,0,2.675179436551,0,0,19.0978977786287,2.09081460288819,0,1005
1,1,0,0,1,1,1,1,1,1,0,0,0,0,0,0,0,2.67517943655101,0,0,19.0978977786288,2.0908146028882,0,1011
1,1,1,1,1,1,1,1,1,1,0,0,0,0,0,0,0,2.67517943655101,0,0,19.0978977786288,2.0908146028882,0,1023
0,0,0,0,0,0,0,0,0,0,1,0,0,0,0,0,0,0,0,0,0,0,0.842671179380371,1024
0,1,1,0,0,0,0,0,0,0,1,0,0,0,3.50423145050186,0,0,0,0,0,0,0,0,1030
0,0,0,1,0,0,0,0,0,0,1,0,0,0,0,0.607219382941267,0,0,0,0,0,0,0.209809780320105,1032
1,1,0,0,1,0,0,0,0,0,1,0,3.75682052932352,6.4819680278804,0,0,0,0,0,0,0,0,0,1043
0,0,1,0,1,0,0,0,0,0,1,0,0,0,3.50414098763227,0,0.182760175104084,0,0,0,0,0,0,1044
0,0,0,0,0,1,0,0,0,0,1,0,0,0,0,0,0,1.11922845767564,0,0,0,0,0.0716244671035035,1056
0,0,0,0,1,1,0,0,0,0,1,0,0,0,0,0,1.49551966679557,1.20484809499338,0,0,0,0,0.426721328163264,1072
1,0,0,0,1,1,0,0,0,0,1,0,0,0,0,0,1.49551966679557,1.20484809499338,0,0,0,0,0.426721328163263,1073
0,0,1,0,1,1,0,0,0,0,1,0,0,0,2.98453181705835,0,0.761027374919084,1.23907860988408,0,0,0,0,0,1076
0,1,1,0,1,1,0,0,0,0,1,0,0,0,2.98453181705834,0,0.761027374919087,1.23907860988407,0,0,0,0,0,1078
0,0,0,1,1,1,0,0,0,0,1,0,0,0,0,0.635425511116062,1.35180434737706,1.49647873977274,0,0,0,0,0,1080
1,1,0,1,1,1,0,0,0,0,1,0,2.37211935556954,4.64302289696155,0,0,0,1.52204054520382,0,0,0,0,0,1083
0,0,0,1,1,0,1,0,0,0,1,0,0,0,0,0.464789542402419,0.92664078045586,0,0,0,0,0,0.614823476664783,1112
0,0,0,1,0,1,1,0,0,0,1,0,0,0,0,0.723289691988043,0,1.49046283171865,0,0,0,0,0,1128
0,0,1,0,1,1,1,0,0,0,1,0,0,0,2.98453181705835,0,0.761027374919084,1.23907860988408,0,0,0,0,0,1140
0,1,1,1,1,1,1,0,0,0,1,0,0,0,2.94869453739773,0.170837263001766,0.747654518719693,1.32644078206037,0,0,0,0,0,1150
0,1,0,0,0,0,0,1,0,0,1,0,0,2.95766993993708,0,0,0,0,0,0,0,0,0,1154
1,0,0,1,1,0,0,1,0,0,1,0,1.58101458899859,0,0,0.269431610053397,0.555265293610311,0,0,0.0566009686694247,0,0,0,1177
0,1,0,1,1,0,0,1,0,0,1,0,0,2.97610741323815,0,0.0837181991099867,0.187863839342068,0,0,0,0,0,0,1178
0,0,1,1,1,0,0,1,0,0,1,0,0,0,3.50437374395616,0.0498190927017857,0.166970844527518,0,0,0,0,0,0,1180
0,1,0,0,1,1,0,1,0,0,1,0,0,2.04821804239538,0,0,0.931616746305744,1.28021509005028,0,0,0,0,0,1202
0,1,1,1,1,1,0,1,0,0,1,0,0,0,2.94869453739773,0.170837263001766,0.747654518719693,1.32644078206037,0,0,0,0,0,1214
0,0,1,0,0,0,1,1,0,0,1,0,0,0,3.50423145050188,0,0,0,0,0,0,0,0,1220
1,1,0,0,1,0,1,1,0,0,1,0,3.75682052932352,6.4819680278804,0,0,0,0,0,0,0,0,0,1235
1,0,0,1,1,0,1,1,0,0,1,0,1.58101458899859,0,0,0.269431610053397,0.555265293610311,0,0,0.0566009686694247,0,0,0,1241
0,0,1,1,1,0,1,1,0,0,1,0,0,0,3.50437374395616,0.0498190927017857,0.166970844527518,0,0,0,0,0,0,1244
1,0,0,0,0,1,1,1,0,0,1,0,1.15875489248297,0,0,0,0,1.16802443102601,0,0,0,0,0,1249
1,1,0,0,0,1,1,1,0,0,1,0,2.37211935556954,4.64302289696155,0,0,0,1.52204054520382,0,0,0,0,0,1251
0,0,0,0,1,1,1,1,0,0,1,0,0,0,0,0,1.34221299819364,1.2688386578466,0,0.215154198686337,0,0,0.224014512620563,1264
1,0,0,1,1,1,1,1,0,0,1,0,0.4511797265528,0,0,0.52882650869611,1.25714637331155,1.47485864704369,0,0.0408662026776562,0,0,0,1273
0,1,0,1,1,1,1,1,0,0,1,0,0,2.35098508920747,0,0.228047666631478,0.829127899776424,1.41449806273568,0,0,0,0,0,1274
0,0,1,1,1,1,1,1,0,0,1,0,0,0,2.94869453739773,0.170837263001766,0.747654518719693,1.32644078206037,0,0,0,0,0,1276
0,0,1,0,0,0,0,0,1,0,1,0,0,0,1.11981757112575e-08,0,0,0,0,0,10.5867691517509,0,0.63127480905951,1284
1,1,1,0,0,0,0,0,1,0,1,0,0,0.396925859321199,0,0,0,0,0,0,11.4844947099955,0,0.410215190721115,1287
0,1,0,1,0,0,0,0,1,0,1,0,0,0.396925859321202,0,0,0,0,0,0,11.4844947099955,0,0.41021519072111,1290
1,1,1,1,0,0,0,0,1,0,1,0,0,0.396925859321199,0,0,0,0,0,0,11.4844947099955,0,0.410215190721115,1295
0,1,0,0,1,0,0,0,1,0,1,0,0,0.396925859321202,0,0,0,0,0,0,11.4844947099955,0,0.410215190721113,1298
1,1,0,0,1,0,0,0,1,0,1,0,0,0.396925859321203,0,0,0,0,0,0,11.4844947099954,0,0.41021519072111,1299
0,1,1,0,1,0,0,0,1,0,1,0,0,0.396925859321199,0,0,0,0,0,0,11.4844947099955,0,0.410215190721115,1302
1,0,0,1,1,0,0,0,1,0,1,0,0,0,0,0,0,0,0,0,10.5867691311637,0,0.631274815919585,1305
0,1,0,1,1,0,0,0,1,0,1,0,0,0.396925859321202,0,0,0,0,0,0,11.4844947099955,0,0.410215190721112,1306
1,1,0,1,1,0,0,0,1,0,1,0,0,0.396925859321203,0,0,0,0,0,0,11.4844947099954,0,0.41021519072111,1307
0,1,0,0,0,1,0,0,1,0,1,0,0,0,0,0,0,2.13115877519994,0,0,13.320395414246,0,0,1314
1,1,0,0,0,0,1,0,1,0,1,0,0,0.396925859321203,0,0,0,0,0,0,11.4844947099954,0,0.41021519072111,1347
0,1,1,0,1,0,1,0,1,0,1,0,0,0.396925859321199,0,0,0,0,0,0,11.4844947099955,0,0.410215190721115,1366
0,0,0,0,0,1,1,0,1,0,1,0,0,0,0,0,0,2.13115877519994,0,0,13.320395414246,0,0,1376
0,1,0,0,0,1,1,0,1,0,1,0,0,0,0,0,0,2.13115877519994,0,0,13.320395414246,0,0,1378
0,1,0,1,0,1,1,0,1,0,1,0,0,0,0,0,0,2.13115877519994,0,0,13.320395414246,0,0,1386
0,0,1,0,1,1,1,0,1,0,1,0,0,0,0,0,0,2.13115877519994,0,0,13.320395414246,0,0,1396
0,1,1,1,1,1,1,0,1,0,1,0,0,0,0,0,0,2.13115877519994,0,0,13.320395414246,0,0,1406
0,0,0,0,0,0,0,1,1,0,1,0,0,0,0,0,0,0,0,0,10.5867691311638,0,0.631274815919589,1408
1,0,0,0,0,0,0,1,1,0,1,0,0,0,0,0,0,0,0,0,10.5867691311637,0,0.631274815919585,1409
0,1,1,0,0,0,0,1,1,0,1,0,0,0.396925859321199,0,0,0,0,0,0,11.4844947099955,0,0.410215190721115,1414
1,1,0,1,0,0,0,1,1,0,1,0,0,0.396925859321203,0,0,0,0,0,0,11.4844947099954,0,0.41021519072111,1419
1,0,1,1,0,0,0,1,1,0,1,0,0,0,1.00555119361663e-08,0,0,0,0,0,10.5867691496502,0,0.631274809759514,1421
0,0,0,0,1,0,0,1,1,0,1,0,0,0,0,0,0,0,0,0,10.5867691311638,0,0.631274815919589,1424
1,0,0,0,1,0,0,1,1,0,1,0,0,0,0,0,0,0,0,0,10.5867691311637,0,0.631274815919585,1425
0,1,0,0,1,1,0,1,1,0,1,0,0,0,0,0,0,2.13115877519994,0,0,13.320395414246,0,0,1458
1,0,0,1,1,1,0,1,1,0,1,0,0,0,0,0,0,2.13115877519994,0,0,13.320395414246,0,0,1465
0,1,1,0,0,0,1,1,1,0,1,0,0,0.396925859321199,0,0,0,0,0,0,11.4844947099955,0,0.410215190721115,1478
1,1,1,0,0,0,1,1,1,0,1,0,0,0.396925859321199,0,0,0,0,0,0,11.4844947099955,0,0.410215190721115,1479
0,0,1,1,0,0,1,1,1,0,1,0,0,0,1.09851746609283e-08,0,0,0,0,0,10.5867691513593,0,0.631274809189996,1484
0,0,0,1,1,0,1,1,1,0,1,0,0,0,0,0,0,0,0,0,10.5867691311637,0,0.631274815919585,1496
0,1,1,1,1,0,1,1,1,0,1,0,0,0.396925859321199,0,0,0,0,0,0,11.4844947099955,0,0.410215190721115,1502
1,1,0,0,1,1,1,1,1,0,1,0,0,0,0,0,0,2.13115877519994,0,0,13.320395414246,0,0,1523
1,0,1,0,1,1,1,1,1,0,1,0,0,0,0,0,0,2.13115877519994,0,0,13.320395414246,0,0,1525
1,0,1,1,1,1,1,1,1,0,1,0,0,0,0,0,0,2.13115877519994,0,0,13.320395414246,0,0,1533
1,1,1,1,1,1,1,1,1,0,1,0,0,0,0,0,0,2.13115877519994,0,0,13.320395414246,0,0,1535
0,1,1,1,0,0,0,0,0,1,1,0,0,0,3.8332797527787,0,0,0,0,0,0,1.39440735935664,0,1550
0,1,0,0,1,0,0,0,0,1,1,0,0,2.72940607637993,0,0,0,0,0,0,0,1.82698181217168,0,1554
1,0,0,1,1,0,0,0,0,1,1,0,1.5944416167634,0,0,0.112199185491557,0,0,0,0,0,1.56426843622472,0,1561
1,0,0,0,0,1,0,0,0,1,1,0,0.893523213152896,0,0,0,0,1.21294731179468,0,0,0,1.16927780038777,0,1569
0,1,1,1,0,1,0,0,0,1,1,0,0,0,3.20240717893725,0.0331233089879162,0,1.28328001781284,0,0,0,0.999566254979616,0,1582
0,1,0,1,1,1,0,0,0,1,1,0,0,2.27923638960532,0,0.0652934870901819,0.17496198107168,1.37509983402345,0,0,0,1.5294691743867,0,1594
1,1,0,1,1,1,0,0,0,1,1,0,1.83325263036389,3.93963832429271,0,0,0,1.52854538496677,0,0,0,1.56524644890271,0,1595
0,1,0,1,0,0,1,0,0,1,1,0,0,2.72940607637993,0,0,0,0,0,0,0,1.82698181217168,0,1610
0,1,1,1,0,0,1,0,0,1,1,0,0,0,3.8332797527787,0,0,0,0,0,0,1.39440735935664,0,1614
0,1,0,0,1,0,1,0,0,1,1,0,0,2.72940607637993,0,0,0,0,0,0,0,1.82698181217168,0,1618
0,1,0,1,1,0,1,0,0,1,1,0,0,2.72940607637993,0,0,0,0,0,0,0,1.82698181217168,0,1626
0,1,0,0,0,1,1,0,0,1,1,0,0,2.31682582325146,0,0,0,1.32833220811125,0,0,0,1.35756565702661,0,1634
0,0,0,0,1,1,1,0,0,1,1,0,0,0,0,0,0.649407099279021,1.24959312126161,0,0,0,1.81935776611276,0.274432266985246,1648
1,1,0,1,1,1,1,0,0,1,1,0,1.83325263036389,3.93963832429271,0,0,0,1.52854538496677,0,0,0,1.56524644890271,0,1659
1,0,0,1,0,0,0,1,0,1,1,0,1.5944416167634,0,0,0.112199185491557,0,0,0,0,0,1.56426843622471,0,1673
0,1,1,1,0,0,0,1,0,1,1,0,0,0,3.8332797527787,0,0,0,0,0,0,1.39440735935664,0,1678
0,0,0,0,1,0,0,1,0,1,1,0,0,0,0,0,0.336530157795459,0,0,0,0,1.69627988724323,1.04102729517348,1680
0,1,1,0,1,0,0,1,0,1,1,0,0,0,3.83327975277871,0,0,0,0,0,0,1.39440735935665,0,1686
1,1,0,1,1,0,0,1,0,1,1,0,2.98061625236872,5.46898194785882,0,0,0,0,0,0,0,2.27967657303827,0,1691
1,0,0,0,1,1,0,1,0,1,1,0,0,0,0,0,0.649407099279019,1.2495931212616,0,0,0,1.81935776611276,0.274432266985243,1713
0,1,0,0,1,1,0,1,0,1,1,0,0,2.19556760527354,0,0,0.18909794116431,1.33783270741459,0,0,0,1.56145053627919,0,1714
1,0,0,1,1,1,0,1,0,1,1,0,0.58125516824792,0,0,0.336253597041297,0.535134456136484,1.41743786371399,0,0,0,1.64660043072249,0,1721
0,1,0,0,0,0,1,1,0,1,1,0,0,2.72940607637993,0,0,0,0,0,0,0,1.82698181217168,0,1730
0,0,1,0,0,0,1,1,0,1,1,0,0,0,3.8332797527787,0,0,0,0,0,0,1.39440735935664,0,1732
0,0,0,1,0,0,1,1,0,1,1,0,0,0,0,0.38769146346108,0,0,0.0915448869491645,0,0,1.42438149855822,0.503962223820869,1736
0,1,0,1,0,0,1,1,0,1,1,0,0,2.72940607637993,0,0,0,0,0,0,0,1.82698181217168,0,1738
0,1,1,1,0,0,1,1,0,1,1,0,0,0,3.8332797527787,0,0,0,0,0,0,1.39440735935664,0,1742
0,0,0,1,1,0,1,1,0,1,1,0,0,0,0,0.251276026417833,0.260800843832922,0,0,0,0,1.61493763639175,0.753128626905362,1752
0,1,1,0,0,1,1,1,0,1,1,0,0,0,3.21187032618372,0,0,1.26689445223122,0,0,0,1.01119950632896,0,1766
0,0,0,1,0,1,1,1,0,1,1,0,0,0,0,0.590648713233667,0,1.46686381943169,0,0,0,0.927437336466984,0,1768
0,0,1,1,0,1,1,1,0,1,1,0,0,0,3.20240717893721,0.0331233089880319,0,1.2832800178129,0,0,0,0.999566254979569,0,1772
0,1,1,0,1,1,1,1,0,1,1,0,0,0,3.24801777542459,0,0.161680589915273,1.28321755781496,0,0,0,1.19371217169378,0,1782
1,1,0,1,0,0,0,0,1,1,1,0,0,0,0,0,0,0,0,0,16.006331537965,2.57192209591749,0.682528340639521,1803
1,1,1,1,0,0,0,0,1,1,1,0,0,0,0,0,0,0,0,0,16.006331537965,2.57192209591749,0.682528340639521,1807
0,1,1,0,1,0,0,0,1,1,1,0,0,0,0,0,0,0,0,0,16.006331537965,2.57192209591749,0.682528340639521,1814
0,0,0,1,1,0,0,0,1,1,1,0,0,0,0,0,0,0,0,0,16.0063315379649,2.57192209591748,0.682528340639522,1816
1,0,0,1,1,0,0,0,1,1,1,0,0,0,0,0,0,0,0,0,16.0063315379649,2.57192209591748,0.682528340639522,1817
0,1,0,1,1,0,0,0,1,1,1,0,0,0,0,0,0,0,0,0,16.006331537965,2.57192209591749,0.682528340639521,1818
0,0,0,0,0,1,0,0,1,1,1,0,0,0,0,0,0,2.675179436551,0,0,19.0978977786287,2.09081460288819,0,1824
1,0,0,1,0,1,0,0,1,1,1,0,0,0,0,0,0,2.675179436551,0,0,19.0978977786287,2.09081460288819,0,1833
0,0,0,0,1,1,0,0,1,1,1,0,0,0,0,0,0,2.675179436551,0,0,19.0978977786287,2.09081460288819,0,1840
0,0,1,0,1,1,0,0,1,1,1,0,0,0,0,0,0,2.67517943655101,0,0,19.0978977786288,2.0908146028882,0,1844
0,0,0,1,1,1,0,0,1,1,1,0,0,0,0,0,0,2.675179436551,0,0,19.0978977786287,2.09081460288819,0,1848
1,0,1,0,0,0,1,0,1,1,1,0,0,0,0,0,0,0,0,0,16.0063315379649,2.57192209591748,0.682528340639522,1861
0,1,1,0,0,0,1,0,1,1,1,0,0,0,0,0,0,0,0,0,16.006331537965,2.57192209591749,0.682528340639521,1862
0,0,0,0,1,0,1,0,1,1,1,0,0,0,0,0,0,0,0,0,16.006331537965,2.57192209591749,0.682528340639525,1872
1,1,0,0,1,0,1,0,1,1,1,0,0,0,0,0,0,0,0,0,16.006331537965,2.57192209591749,0.682528340639521,1875
0,0,1,1,1,0,1,0,1,1,1,0,0,0,0,0,0,0,0,0,16.0063315379649,2.57192209591748,0.682528340639522,1884
0,0,1,0,0,1,1,0,1,1,1,0,0,0,0,0,0,2.675179436551,0,0,19.0978977786287,2.09081460288819,0,1892
1,0,1,0,0,1,1,0,1,1,1,0,0,0,0,0,0,2.675179436551,0,0,19.0978977786287,2.09081460288819,0,1893
0,1,1,1,0,1,1,0,1,1,1,0,0,0,0,0,0,2.67517943655101,0,0,19.0978977786288,2.0908146028882,0,1902
1,1,1,1,0,1,1,0,1,1,1,0,0,0,0,0,0,2.67517943655101,0,0,19.0978977786288,2.0908146028882,0,1903
0,0,0,0,1,1,1,0,1,1,1,0,0,0,0,0,0,2.67517943655101,0,0,19.0978977786288,2.0908146028882,0,1904
1,0,1,0,1,1,1,0,1,1,1,0,0,0,0,0,0,2.67517943655101,0,0,19.0978977786288,2.0908146028882,0,1909
0,0,0,1,1,1,1,0,1,1,1,0,0,0,0,0,0,2.675179436551,0,0,19.0978977786287,2.09081460288819,0,1912
1,1,1,1,1,1,1,0,1,1,1,0,0,0,0,0,0,2.67517943655101,0,0,19.0978977786288,2.0908146028882,0,1919
1,1,1,0,0,0,0,1,1,1,1,0,0,0,0,0,0,0,0,0,16.006331537965,2.57192209591749,0.682528340639521,1927
0,0,1,0,1,0,0,1,1,1,1,0,0,0,0,0,0,0,0,0,16.0063315379649,2.57192209591748,0.682528340639522,1940
1,0,1,0,1,0,0,1,1,1,1,0,0,0,0,0,0,0,0,0,16.006331537965,2.57192209591749,0.682528340639523,1941
0,0,0,1,1,0,0,1,1,1,1,0,0,0,0,0,0,0,0,0,16.0063315379649,2.57192209591748,0.682528340639522,1944
0,1,1,1,1,0,0,1,1,1,1,0,0,0,0,0,0,0,0,0,16.006331537965,2.57192209591749,0.682528340639521,1950
1,0,0,0,0,1,0,1,1,1,1,0,0,0,0,0,0,2.675179436551,0,0,19.0978977786287,2.09081460288819,0,1953
1,1,0,0,0,1,0,1,1,1,1,0,0,0,0,0,0,2.67517943655101,0,0,19.0978977786288,2.0908146028882,0,1955
1,0,1,0,0,1,0,1,1,1,1,0,0,0,0,0,0,2.675179436551,0,0,19.0978977786287,2.09081460288819,0,1957
1,1,1,1,0,1,0,1,1,1,1,0,0,0,0,0,0,2.67517943655101,0,0,19.0978977786288,2.0908146028882,0,1967
1,0,0,0,1,1,0,1,1,1,1,0,0,0,0,0,0,2.675179436551,0,0,19.0978977786287,2.09081460288819,0,1969
1,1,0,0,1,1,0,1,1,1,1,0,0,0,0,0,0,2.67517943655101,0,0,19.0978977786288,2.0908146028882,0,1971
0,0,1,0,1,1,0,1,1,1,1,0,0,0,0,0,0,2.67517943655101,0,0,19.0978977786288,2.0908146028882,0,1972
1,0,0,1,1,1,0,1,1,1,1,0,0,0,0,0,0,2.675179436551,0,0,19.0978977786287,2.09081460288819,0,1977
1,1,0,1,1,1,0,1,1,1,1,0,0,0,0,0,0,2.67517943655101,0,0,19.0978977786288,2.0908146028882,0,1979
0,0,1,1,1,1,0,1,1,1,1,0,0,0,0,0,0,2.675179436551,0,0,19.0978977786287,2.09081460288819,0,1980
1,1,1,1,1,1,0,1,1,1,1,0,0,0,0,0,0,2.67517943655101,0,0,19.0978977786288,2.0908146028882,0,1983
1,0,0,0,0,0,1,1,1,1,1,0,0,0,0,0,0,0,0,0,16.0063315379649,2.57192209591748,0.682528340639522,1985
0,0,1,0,0,0,1,1,1,1,1,0,0,0,0,0,0,0,0,0,16.0063315379649,2.57192209591748,0.682528340639522,1988
0,0,0,0,1,0,1,1,1,1,1,0,0,0,0,0,0,0,0,0,16.006331537965,2.57192209591749,0.682528340639525,2000
1,0,0,0,1,0,1,1,1,1,1,0,0,0,0,0,0,0,0,0,16.0063315379649,2.57192209591748,0.682528340639522,2001
1,1,1,1,1,0,1,1,1,1,1,0,0,0,0,0,0,0,0,0,16.006331537965,2.57192209591749,0.682528340639521,2015
1,1,0,0,0,1,1,1,1,1,1,0,0,0,0,0,0,2.67517943655101,0,0,19.0978977786288,2.0908146028882,0,2019
0,0,1,0,0,1,1,1,1,1,1,0,0,0,0,0,0,2.675179436551,0,0,19.0978977786287,2.09081460288819,0,2020
1,1,1,0,0,1,1,1,1,1,1,0,0,0,0,0,0,2.67517943655101,0,0,19.0978977786288,2.0908146028882,0,2023
1,1,1,1,0,1,1,1,1,1,1,0,0,0,0,0,0,2.67517943655101,0,0,19.0978977786288,2.0908146028882,0,2031
1,0,0,0,1,1,1,1,1,1,1,0,0,0,0,0,0,2.675179436551,0,0,19.0978977786287,2.09081460288819,0,2033
0,1,0,0,1,1,1,1,1,1,1,0,0,0,0,0,0,2.67517943655101,0,0,19.0978977786288,2.0908146028882,0,2034
1,1,1,0,1,1,1,1,1,1,1,0,0,0,0,0,0,2.67517943655101,0,0,19.0978977786288,2.0908146028882,0,2039
1,0,0,1,1,1,1,1,1,1,1,0,0,0,0,0,0,2.675179436551,0,0,19.0978977786287,2.09081460288819,0,2041
1,1,0,1,1,1,1,1,1,1,1,0,0,0,0,0,0,2.67517943655101,0,0,19.0978977786288,2.0908146028882,0,2043
0,0,1,1,1,1,1,1,1,1,1,0,0,0,0,0,0,2.675179436551,0,0,19.0978977786287,2.09081460288819,0,2044
1,0,1,1,1,1,1,1,1,1,1,0,0,0,0,0,0,2.67517943655101,0,0,19.0978977786288,2.0908146028882,0,2045
0,1,1,1,1,1,1,1,1,1,1,0,0,0,0,0,0,2.67517943655101,0,0,19.0978977786288,2.0908146028882,0,2046
