"a.star","b.star","c.star","d.star","e.star","f.star","g.star","h.star","i.star","j.star","k.star","l.star"
0,0,0.659424285871842,0,0,0,0,0,0,0,0,0
0,0,0.272741820378685,0.429926415036968,0,0,0,0,0,0,0,0
0.362233577550042,0,0,0,0.622141844876497,0,0,0,0,0,0,0
0.269028304960306,0,0.578778061306843,0,5.82644168617363e-08,0,0,0,0,0,0,0
0.269028305513977,0,0.578778058606237,0,6.17401040277151e-08,0,0,0,0,0,0,0
0,0,0,0.455610365981246,0.313484039386861,0,0,0,0,0,0,0
0,0,0.226770911352503,0.406333576647464,0.0949528962279134,0,0,0,0,0,0,0
0,0,0,0,0.693193876004243,0,0,0,0,0,0,0
0.362233577550044,0,0,0,0.622141844876495,0,0,0,0,0,0,0
0,0,0,0.441415898971841,0.312701987842656,0.0495535280850556,0,0,0,0,0,0
0.269028295678878,0,0.399346242924122,0,0,0,0.257463001701231,0,0,0,0,0
0,0,0,0,0.712265629350721,0,0.322606043145421,0,0,0,0,0
0.364280835389008,0,0,0,0.635807216015362,0,0.237947705248012,0,0,0,0,0
0.364280835389008,0,0,0,0.635807216015362,0,0.237947705248012,0,0,0,0,0
0,0,0,0,0,0.185100435175948,0.385212346618897,0,0,0,0,0
0,0,0.346922611314111,0,0,0.190747265090756,0.365812338333045,0,0,0,0,0
0.313934362757649,0,0,0.501835452974002,0,0.0904669729616067,0.312481356334604,0,0,0,0,0
0,0,0,0.293678802008271,0.468757436571418,0,0.343689391033624,0,0,0,0,0
0.318037733340556,0,0,0.364376436020597,0.327136202488417,0,0,0,0,0,0,0
0.311630451407816,0,0.0440556090054866,0.356659406104622,0.284377212666032,0,0,0,0,0,0,0
0.352095290900259,0,0.503380196051602,0,0,0.167345307651027,0,0,0,0,0,0
0,0,0,0,0.688194252964562,0,0,0.126855819972209,0,0,0,0
0.34815797855103,0,0.495167121663651,0,0.0191129648064446,0.153647592604487,0,0,0,0,0,0
0.318037733340555,0,0,0.364376436020598,0.327136202488416,0,0,0,0,0,0,0
0,0,0.103744688745145,0.340657798742027,0.258431930708942,0.10080919730807,0,0.16326647884584,0,0,0,0
0.269028295678878,0,0.399346242924122,0,0,0,0.257463001701231,0,0,0,0,0
0.364280835389008,0,0,0,0.635807216015362,0,0.237947705248012,0,0,0,0,0
0,0,0,0.293678802008277,0.468757436571411,0,0.343689391033626,0,0,0,0,0
0.335851588538067,0,0,0.236058144339674,0.446043033887334,0,0.261501353083419,0,0,0,0,0
0.316635212877443,0,0,0,0,0.0959080581123554,0.290365402929697,0,0,0,0,0
0.313934362757649,0,0,0.501835452974002,0,0.0904669729616067,0.312481356334604,0,0,0,0,0
0.313934362757649,0,0,0.501835452974002,0,0.0904669729616067,0.312481356334604,0,0,0,0,0
0.313934362757649,0,0,0.501835452974002,0,0.0904669729616067,0.312481356334604,0,0,0,0,0
0,0,0,0,0.712265629350721,0,0.322606043145421,0,0,0,0,0
0.335851588538069,0,0,0.236058144339668,0.44604303388734,0,0.261501353083417,0,0,0,0,0
0.335851588538069,0,0,0.236058144339668,0.44604303388734,0,0.261501353083417,0,0,0,0,0
0.681564758128002,1.33967988922954e-10,0.353974870023176,0,0,0,0,0,0.543256421809688,0,0,0
0.810092396239882,0,0,0.353681770766745,0,0,0,0,0.712510466336692,0,0,0
0.810092396239881,0,0,0.353681770766742,0,0,0,0,0.712510466336691,0,0,0
0.719509517379291,0,0,0,0.515327634166497,0,0,0,0.491558381165937,0,0,0
0,0.17197533205187,0,0,0.516786150073072,0,0,0,0.564074661056393,0,0,0
0.719509517402095,2.9831104677193e-10,0,0,0.515327633908732,0,0,0,0.491558381245948,0,0,0
0,0,0,0.296007405232136,0.388115804125127,0,0,0,0.781240012617164,0,0,0
0,0,0,0.296007405231804,0.388115804121331,0,0,0,0.781240012617671,0,0,0
0.789044319253964,0,0,0.333530348683293,0,0,0.171869611935016,0,0.684792909150441,0,0,0
0,0,0,0,0.672968782474366,0,0.323870632593137,0,0.526844804721961,0,0,0
0.725201214065991,0,0,0,0.522942247997359,0,0.155264608775061,0,0.497551351688232,0,0,0
0,0,0,0.160163857866946,0.529344894883802,0,0.335717120260957,0,0.671928021908426,0,0,0
0.754208561399623,0,0,0.0556355403462546,0.467051221025409,0,0.152635602453368,0,0.546776674598641,0,0,0
0,0,0,0,0,0,0.345527057693922,0,0.168055572394421,0,0,0
0.789044319253964,0,0,0.333530348683293,0,0,0.171869611935018,0,0.684792909150441,0,0,0
0,0,0,0,0.672968782474368,0,0.323870632593137,0,0.526844804721963,0,0,0
0.725201214065993,0,0,0,0.522942247997361,0,0.155264608775061,0,0.497551351688233,0,0,0
0.754208561399612,0,0,0.0556355403462333,0.467051221025432,0,0.152635602453369,0,0.546776674598622,0,0,0
0,0,0,0.160163857866946,0.529344894883802,0,0.335717120260958,0,0.671928021908426,0,0,0
0,0,0.434768327391766,0,0.147087349824444,0,0,0,0.647655886993241,0,0,0
0,0.562226828485906,0,0,0,0,0,0.00067934813585905,0.569181249446511,0,0,0
0.810092396239883,0,0,0.353681770766746,0,0,0,0,0.712510466336693,0,0,0
0,0.17197533205186,0,0,0.516786150073083,0,0,0,0.564074661056391,0,0,0
0,0.45591559524274,0,0,0,0,0.186616506065774,0,0.494480083994745,0,0,0
0.619995116997151,0.350268050672631,0,0,0,0,0.0751666254709726,0,0.462177278564418,0,0,0
0.789044319253964,0,0,0.333530348683293,0,0,0.171869611935017,0,0.684792909150441,0,0,0
0.725201214065991,0,0,0,0.522942247997359,0,0.155264608775062,0,0.497551351688232,0,0,0
0.725201214065991,0,0,0,0.522942247997359,0,0.155264608775061,0,0.497551351688232,0,0,0
0.75420856139962,0,0,0.0556355403462489,0.467051221025415,0,0.152635602453368,0,0.546776674598636,0,0,0
0.418880527168263,0,0,0,0,0,0.245350582858336,0,0.197335737539027,0,0,0
0.789044319253964,0,0,0.333530348683293,0,0,0.171869611935016,0,0.684792909150441,0,0,0
0,0,0,0.160163857866946,0.529344894883802,0,0.335717120260958,0,0.671928021908426,0,0,0
0.75420856139961,0,0,0.0556355403462279,0.467051221025438,0,0.152635602453369,0,0.546776674598618,0,0,0
0.275453507685873,0.570277538732251,0,0,0,0,0,0,0,0.00436126487914098,0,0
0.275453507685913,0,0,0.591966127229566,0,0,0,0,0,0.00436126487916724,0,0
0,0,0,0.444681000140462,0.317090451855879,0,0,0,0,0.12262888626525,0,0
0,0.535087633941554,0,0,0,0.297225572979494,0,0,0,0.12262888626525,0,0
0.352095290900258,0.484698872731938,0,0,0,0.167345307651026,0,0,0,0,0,0
0,0,0.569735395646641,0,0,0.297225572979494,0,0,0,0,0,0
0.352095290900256,0,0.503380196051603,0,0,0.167345307651026,0,0,0,0,0,0
0.352095290900258,0,0,0.522778575534089,0,0.167345307651026,0,0,0,0,0,0
0.352095290900257,0,0.144333752557811,0.399199767403083,0,0.167345307651026,0,0,0,0,0,0
0.362233577550044,0,0,0,0.622141844876495,0,0,0,0,0,0,0
0.269028295678878,0.505914116023143,0,0,0,0,0.104850507701819,0,0,0,0,0
0.269028295678878,0,0,0.541478805374551,0,0,0.305612987963595,0,0,0,0,0
0.335851588538069,0,0,0.236058144339668,0.44604303388734,0,0.261501353083417,0,0,0,0,0
0,0,0,0,0.71225825399009,0,0.329153915774156,0,0,0.00879164047269847,0,0
0.364280835389008,0,0,0,0.635807216015362,0,0.237947705248012,0,0,0,0,0
0,0,0,0.292382771527382,0.469829661769257,0,0.345863029401911,0,0,0.00304318897119685,0,0
0.335851588538066,0,0,0.236058144339674,0.446043033887334,0,0.261501353083419,0,0,0,0,0
0,0,0,0.617831517967207,0,0,0,0.185161547666534,0,0.12262888626525,0,0
0,0.224543214972035,0,0,0.506794895939393,0,0,0.142224477105096,0,0.12262888626525,0,0
0.269028306367053,0,0.578778051552762,0,6.70953130715312e-08,0,0,1.28676486062934e-08,0,0,0,0
0,0,0.146985398315325,0.355558329079873,0.220369265576351,0,0,0.166491251694162,0,0.037306783664344,0,0
0.31163039399199,0,0.044055979766259,0.35665935308681,0.284376835136036,0,0,0,0,0,0,0
0.311628600291521,0,0.0440675622932041,0.35665769694888,0.284365040949941,0,0,0,0,0,0,0
0,0.480373223209413,0,0,0,0.306606495780453,0,0.185161547666534,0,0.12262888626525,0,0
0,0,0.526082132321525,0,0,0.306606495780453,0,0.185161547666534,0,0,0,0
0,0,0.196314772608726,0.366646308230816,0,0.306606495780453,0,0.185161547666534,0,0.00867204187065634,0,0
0,0,0,0,0.68267359829061,0,0,0.127323545162775,0,0.12262888626525,0,0
0.362233577550044,0,0,0,0.622141844876495,0,0,0,0,0,0,0
0,0,0,0.379005183728196,0.360828832586849,0.0192673304838374,0,0.154591127227031,0,0.12262888626525,0,0
0,0,0,0,0,0,0.347415188482477,0,0,0.0025348527302184,0,0
0,0.520984191115857,0,0,0,0,0.202982602815151,0,0,0.0524277405139891,0,0
0.269028295678878,0,0,0.541478805374551,0,0,0.305612987963595,0,0,0,0,0
0,0,0,0.599505325990534,0,0,0.37257053329924,0,0,1.61717266201061e-06,0,0
0,0,0,0,0.7122582539904,0,0.32915391623731,0,0,0.00879164107623561,0,0
0,0,0,0,0.712258253987353,0,0.329153911682421,0,0,0.0087916351407489,0,0
0.364280835389008,0,0,0,0.635807216015362,0,0.237947705248012,0,0,0,0,0
0.335851588538067,0,0,0.236058144339674,0.446043033887334,0,0.261501353083419,0,0,0,0,0
0.335851588538066,0,0,0.236058144339674,0.446043033887334,0,0.261501353083419,0,0,0,0,0
0,0,0,0,0,0.185100432522523,0.385212354935124,0,0,1.16618909102982e-08,0,0
0.316635212877441,0,0,0,0,0.0959080581123547,0.290365402929696,0,0,0,0,0
0.364280835389008,0,0,0,0.635807216015362,0,0.237947705248012,0,0,0,0,0
0.335851588538069,0,0,0.236058144339668,0.44604303388734,0,0.261501353083417,0,0,0,0,0
0.719509542220877,0,6.59295705483769e-07,0,0.515326833817035,0,0,0,0.491558571213771,0,0,0
0,0,0.434768326903284,0,0.14708735050905,0,0,0,0.647655886902996,0,0,0
0.681564758125196,0,0.353974870123194,0,0,0,0,0,0.543256421806115,0,0,0
0,0,0.535934623446373,0,0,0,0,0,0.663317991239174,0,0,0
0.810092396239882,0,0,0.353681770766745,0,0,0,0,0.712510466336692,0,0,0
0.777977269266948,0,0,0.111768694679855,0.403304702078509,0,0,0,0.590653165531019,0,0,0
0.418880527168264,0,0,0,0,0,0.245350582858336,0,0.197335737539027,0,0,0
0,0,0.342255473177365,0,0,0,0.325193651321926,0,0.486297951420366,0,0,0
0,0,0,0.482579400030535,0,0,0.367304880672594,0,0.83591059257727,1.30466153556931e-05,0,0
0.725201214065991,0,0,0,0.522942247997359,0,0.155264608775062,0,0.497551351688232,0,0,0
0.754208561399601,0,0,0.0556355403462105,0.467051221025457,0,0.15263560245337,0,0.546776674598603,0,0,0
0,0,0,0.158321318028389,0.53101148124046,0,0.339471637603863,0,0.670008336206436,0.0052248535898866,0,0
0.754208561399601,0,0,0.0556355403462107,0.467051221025457,0,0.15263560245337,0,0.546776674598603,0,0,0
0,0,0,0.158321337914755,0.531011462816513,0,0.339471602733161,0,0.670008356376195,0.00522480555556643,0,0
0,0,0.342255473177365,0,0,0,0.325193651321926,0,0.486297951420365,0,0,0
0.614895990392232,0,0.262868160149034,0,0,0,0.182855920721107,0,0.455462397515364,0,0,0
0.789044319253964,0,0,0.333530348683293,0,0,0.171869611935017,0,0.684792909150441,0,0,0
0,0,0,0.158321337498334,0.531011463202311,0,0.339471603463357,0,0.670008355953839,0.00522480656140967,0,0
0.754208561399608,0,0,0.0556355403462248,0.467051221025442,0,0.152635602453369,0,0.546776674598615,0,0,0
0,0,0,0,0,0,0,0.130713157049698,0.167118162679248,0.12262888626525,0,0
0.719509536582449,1.39807890027519e-10,5.0936738578126e-07,0,0.515327015701185,0,0,0,0.491558528033129,0,0,0
0,0,4.57060929255616e-09,0.288420642111193,0.390159180503968,0,0,0,0.764878315904017,0.122628883292618,0,0
0.777977269266948,0,0,0.111768694679855,0.403304702078509,0,0,0,0.590653165531019,0,0,0
0.810092396239882,0,0,0.353681770766745,0,0,0,0,0.712510466336692,0,0,0
0.719509541531043,0,6.40987372992355e-07,0,0.515326856042373,0,0,0,0.491558565936236,0,0,0
0,0,0,0.288420642632897,0.390159185572882,0,0,0,0.764878314899644,0.12262888626525,0,0
0,0,4.57732559006637e-09,0.288420642110426,0.390159180496519,0,0,0,0.764878315905492,0.12262888328825,0,0
0,0,0,0,0,0,0.347415187315118,0,0.167930252193733,0.00253485117560216,0,0
0,0,0,0.48257939970881,0,0,0.36730488216035,0,0.835910592032008,1.30486114210674e-05,0,0
0,0,0,0,0.672991912389431,0,0.330158718323699,0,0.526439735196725,0.00844413739915451,0,0
0.725201214065991,0,0,0,0.522942247997358,0,0.155264608775061,0,0.497551351688232,0,0,0
0.614895990392232,0,0.262868160149034,0,0,0,0.182855920721107,0,0.455462397515364,0,0,0
0,0,0,0,0.672991912389227,0,0.330158718285524,0,0.526439735199093,0.00844413734933693,0,0
0,0,0,0.158321331728855,0.531011468547508,0,0.339471613580139,0,0.670008350102141,0.00522482049725627,0,0
0.398310815226057,0,0,0,0,0,0,0,0,0,0.122625404476353,0
0,0,0.659424285871842,0,0,0,0,0,0,0,0,0
0,0,0.659424285871842,0,0,0,0,0,0,0,0,0
0,0,0,0,0.693193876004246,0,0,0,0,0,0,0
0,0.308367146866044,0,0,0.452464634476259,0,0,0,0,0,0,0
0,0,0,0.455610365981246,0.313484039386861,0,0,0,0,0,0,0
0.318037733340556,0,0,0.364376436020597,0.327136202488417,0,0,0,0,0,0,0
0.318037733340555,0,0,0.364376436020598,0.327136202488417,0,0,0,0,0,0,0
0.3116395427072,0,0.0439968963902013,0.356667805180638,0.284436992495238,0,0,0,0,0,0,0
0.352095290900257,0.48469887273194,0,0,0,0.167345307651026,0,0,0,0,0,0
0,0,0,0.575199040462471,0,0.297225572979494,0,0,0,0,0,0
0.348155121587849,0,0.495161523396751,0,0.0191261431199805,0.153637926938784,0,0,0,0,0,0
0.318037733340555,0,0,0.364376436020598,0.327136202488416,0,0,0,0,0,0,0
0.280780865459249,0,0,0,0,0,0.281812255833927,0,0,0,0.0111473971351367,0
0,0,0,0.599505650674256,0,0,0.372569325919157,0,0,0,0,0
0,0,0,0,0.712265629350723,0,0.322606043145422,0,0,0,0,0
0,0,0,0,0.712265629350721,0,0.322606043145421,0,0,0,0,0
0.335851588538069,0,0,0.236058144339668,0.44604303388734,0,0.261501353083417,0,0,0,0,0
0.335851588538069,0,0,0.236058144339668,0.44604303388734,0,0.261501353083417,0,0,0,0,0
0,0.406871875366824,0,0,0,0.223954666324565,0.251726405374789,0,0,0,0,0
0,0,0,0.540422489940794,0,0.178421678657303,0.408157597982166,0,0,0,0,0
0,0,0.618601749885805,0,0,0,0,0.185161547666534,0,0,0,0
0,0,0,0.626369853641969,0,0,0,0.185161547666534,0,0,0,0
0.269028295678878,0,0.193929974449936,0.427886863393165,0,0,0,3.03240056510804e-07,0,0,0,0
0,0,0,0,0.688194252964562,0,0,0.126855819972209,0,0,0,0
0,0,0.618601712534139,0,5.28936022036909e-08,0,0,0.185161542882618,0,0,0,0
0.269028307517474,0,0.578778047113376,0,7.43171071052691e-08,0,0,7.65409182163557e-09,0,0,0,0
0,0,0.12968964358193,0.363142881790578,0.235572433011793,0,0,0.165203197913275,0,0,0,0
0.311643501257822,0,0.0439713279979959,0.356671464907509,0.284463022698273,0,0,0,0,0,0,0
0.311642731935015,0,0.0439762972487311,0.356670753536715,0.284457963833743,0,0,0,0,0,0,0
0,0,0.526082132321525,0,0,0.306606495780453,0,0.185161547666534,0,0,0,0
0,0,0,0.535335167139231,0,0.306606495780453,0,0.185161547666534,0,0,0,0
0.34081041388451,0.188560170317187,0,0,0.479143011565854,0,0,0,0,0,0,0
0,0.545114510127897,0,0,0,0,0.162387712504839,0,0,0,0.0222695725945414,0
0.269028295678878,0,0,0.541478805374551,0,0,0.305612987963595,0,0,0,0,0
0.335851588538069,0,0,0.236058144339668,0.44604303388734,0,0.261501353083417,0,0,0,0,0
0,0.406871875366824,0,0,0,0.223954666324565,0.251726405374789,0,0,0,0,0
0,0,0,0.540422489940794,0,0.178421678657303,0.408157597982166,0,0,0,0,0
0,0,0,0.540422489940794,0,0.178421678657303,0.408157597982166,0,0,0,0,0
0.364280835389008,0,0,0,0.635807216015362,0,0.237947705248012,0,0,0,0,0
0,0,0,0.293678802008271,0.468757436571418,0,0.343689391033624,0,0,0,0,0
0.335851588538069,0,0,0.236058144339668,0.44604303388734,0,0.261501353083417,0,0,0,0,0
0.484026785354388,0,0,0,0,0,0,0,0.175188401933831,0,0.0777438608001099,0
0,0,0.535934623446373,0,0,0,0,0,0.663317991239174,0,0,0
0.681564758127985,1.3314042594232e-10,0.353974870023794,0,0,0,0,0,0.543256421809666,0,0,0
0.810092396239882,0,0,0.353681770766742,0,0,0,0,0.712510466336691,0,0,0
0.719509517379294,0,0,0,0.515327634166499,0,0,0,0.491558381165939,0,0,0
0,0,0.434768326904766,0,0.147087350506973,0,0,0,0.64765588690327,0,0,0
0.681564758125195,0,0.353974870123193,0,0,0,0,0,0.543256421806113,0,0,0
0.810092396239882,0,0,0.353681770766742,0,0,0,0,0.712510466336691,0,0,0
0.719509538805428,0,5.68649140090208e-07,0,0.515326943857118,0,0,0,0.491558545084114,0,0,0
0.777977269266948,0,0,0.111768694679855,0.40330470207851,0,0,0,0.590653165531019,0,0,0
0,0.45591559524274,0,0,0,0,0.186616506065774,0,0.494480083994745,0,0,0
0,4.4035731115709e-06,0.342253179473171,0,0,0,0.325192224813765,0,0.486298979230202,0,0,0
0.725201214065991,0,0,0,0.522942247997358,0,0.155264608775061,0,0.497551351688232,0,0,0
0.754208561399593,0,0,0.0556355403461937,0.467051221025476,0,0.152635602453371,0,0.546776674598588,0,0,0
0,0.45591559524274,0,0,0,0,0.186616506065774,0,0.494480083994745,0,0,0
0.614895990392232,0,0.262868160149034,0,0,0,0.182855920721107,0,0.455462397515364,0,0,0
0.725201214065993,0,0,0,0.522942247997361,0,0.155264608775061,0,0.497551351688233,0,0,0
0,0,0,0,0.672968782474366,0,0.323870632593137,0,0.526844804721961,0,0,0
0.725201214065991,0,0,0,0.522942247997359,0,0.155264608775061,0,0.497551351688232,0,0,0
0,0,0,0.160163857866946,0.529344894883802,0,0.335717120260958,0,0.671928021908426,0,0,0
0,0,0.535934623446373,0,0,0,0,0,0.663317991239174,0,0,0
0,0,0,0,0.654784114446454,0,0,0,0.513974030419343,0,0,0
0,0,0,0.296007405232136,0.388115804125127,0,0,0,0.781240012617164,0,0,0
0.777977269266948,0,0,0.111768694679855,0.403304702078509,0,0,0,0.590653165531019,0,0,0
0.484026785354386,0,0,0,0,0,0,0,0.175188401933832,0,0.0777438608001085,0
0,0,0.535934623446373,0,0,0,0,0,0.663317991239174,0,0,0
0.719509517379295,0,0,0,0.515327634166499,0,0,0,0.491558381165939,0,0,0
0.719509533505861,1.34207818016549e-10,4.27725871062327e-07,0,0.515327114814439,0,0,0,0.491558504497745,0,0,0
0.777977269266948,0,0,0.111768694679855,0.403304702078509,0,0,0,0.590653165531019,0,0,0
0,0,0,0.296007405231852,0.388115804121871,0,0,0,0.781240012617599,0,0,0
0.789044319253964,0,0,0.333530348683293,0,0,0.171869611935016,0,0.684792909150441,0,0,0
0.725201214065991,0,0,0,0.522942247997358,0,0.155264608775061,0,0.497551351688232,0,0,0
0.725201214065991,0,0,0,0.522942247997359,0,0.155264608775062,0,0.497551351688232,0,0,0
0,0,0,0.160163857866946,0.529344894883802,0,0.335717120260958,0,0.671928021908426,0,0,0
0,0.45591559524274,0,0,0,0,0.186616506065774,0,0.494480083994745,0,0,0
0,0,0,0,0.672968782474366,0,0.323870632593137,0,0.526844804721961,0,0,0
0,0,0,0.160163857866946,0.529344894883802,0,0.335717120260958,0,0.671928021908426,0,0,0
0,0,0.659424285871842,0,0,0,0,0,0,0,0,0
0.269028307850075,0,0.578778047211608,0,7.64050206259379e-08,0,0,0,0,0,0,0
0.311639661461573,0,0.0439961293843826,0.356667914947643,0.284437773380525,0,0,0,0,0,0,0
0,0.535087633941554,0,0,0,0.297225572979494,0,0,0,0.12262888626525,0,0
0,0,0.569735395646641,0,0,0.297225572979494,0,0,0,0,0,0
0.352095290900256,0,0.503380196051605,0,0,0.167345307651026,0,0,0,0,0,0
0.352095290900257,0,0.14433375255591,0.399199767404825,0,0.167345307651026,0,0,0,0,0,0
0,0,0.569735395639685,0,0,0.297225572966423,0,0,0,0,0,0
0,0,0.183333714119148,0.359652677365132,0.134276024338509,0.190873778602473,0,0,0,0.0162073085130313,0,0
0.280780865129666,0,0,0,0,0,0.281812255821507,0,0,0,0.0111473968404595,0
0.269028295678878,0,0,0.541478805374551,0,0,0.305612987963595,0,0,0,0,0
0.316635212877441,0,0,0,0,0.0959080581123547,0.290365402929696,0,0,0,0,0
0,0,0.346922611314121,0,0,0.190747265090754,0.365812338333052,0,0,0,0,0
0.319080277746711,0,0.344938235859521,0,0,0.100833842795957,0.270343951045232,0,0,0,0,0
0.313934362757649,0,0,0.501835452974002,0,0.0904669729616067,0.312481356334604,0,0,0,0,0
0.36428083538901,0,0,0,0.635807216015361,0,0.237947705248012,0,0,0,0,0
0,0,0,0,0.712258253990264,0,0.329153916033914,0,0,0.00879164081118863,0,0
0,0,0,0,0.712258253989147,0,0.329153914364246,0,0,0.00879163863544042,0,0
0,0,0,0.292382473614188,0.469829912443335,0,0.345863498976534,0,0,0.00304384225221092,0,0
0,0,0,0,0,0,0,0.340048623186438,0,0.12262888626525,0.191338276499656,0
0.398310815226056,0,0,0,0,0,0,0.0002203389083265,0,0,0.122625404476352,0
0,0,0.618601749885805,0,0,0,0,0.185161547666534,0,0,0,0
0.269028295678878,0,0.193929985626122,0.427886863394067,0,0,0,2.5544995301659e-07,0,0,0,0
0.269028307497548,0,0.578778047974152,0,7.41920205140935e-08,0,0,4.25717820737586e-09,0,0,0,0
0,0,0.196314777453,0.366646303294166,0,0.306606495780453,0,0.185161547666534,0,0.00867204993991313,0,0
0,0.224543214972026,0,0,0.506794895939403,0,0,0.142224477105093,0,0.12262888626525,0,0
0.340810413884511,0.188560170317187,0,0,0.479143011565853,0,0,0,0,0,0,0
0,0,0.123709105751667,0.327210720210477,0.240890430495363,0.11477799080756,0,0.164752641633468,0,0.0508182088697007,0,0
0,0,0,0,0.712258253990109,0,0.329153915802497,0,0,0.00879164050962914,0,0
0.335851588538069,0,0,0.236058144339668,0.44604303388734,0,0.261501353083417,0,0,0,0,0
0.364280835389008,0,0,0,0.635807216015362,0,0.237947705248012,0,0,0,0,0
0.71950951739799,2.44596645163123e-10,0,0,0.515327633955147,0,0,0,0.491558381231542,0,0,0
0,0,0.434768327171223,0,0.147087350133535,0,0,0,0.647655886952497,0,0,0
0,0.560319719263039,0,0,0,0,0,0,0.560784449647946,0.12262888626525,6.49315291200402e-05,0
0.777977269266948,0,0,0.111768694679855,0.403304702078509,0,0,0,0.590653165531019,0,0,0
0.789044319253964,0,0,0.333530348683293,0,0,0.171869611935017,0,0.684792909150441,0,0,0
0.725201214065991,0,0,0,0.522942247997359,0,0.155264608775061,0,0.497551351688232,0,0,0
0,0.431714894030148,0,0,0,0,0.227724743951159,0,0.474984400753256,0.0438707182273592,0,0
0,0,0.342255473177365,0,0,0,0.325193651321926,0,0.486297951420365,0,0,0
0.789044319253964,0,0,0.333530348683293,0,0,0.171869611935016,0,0.684792909150441,0,0,0
0.725201214065991,0,0,0,0.522942247997358,0,0.155264608775061,0,0.497551351688232,0,0,0
0.754208561399575,0,0,0.0556355403461583,0.467051221025514,0,0.152635602453372,0,0.546776674598558,0,0,0
0,0,0,0.158321317655745,0.531011481585701,0,0.339471638257293,0,0.670008335828482,0.00522485448998462,0,0
0,0.559547068991596,0,0,0,0,0,0.00297672852037137,0.560433696787913,0.12262888626525,9.30832073536667e-05,0
0,0,0,0,0.649992703495818,0,0,0,0.504462443617788,0.12262888626525,0,0
0.719509517379293,0,0,0,0.515327634166497,0,0,0,0.491558381165937,0,0,0
0.777977269266948,0,0,0.111768694679855,0.40330470207851,0,0,0,0.590653165531019,0,0,0
0.810092396239883,0,0,0.353681770766745,0,0,0,0,0.712510466336691,0,0,0
0.810092396239882,0,0,0.353681770766742,0,0,0,0,0.712510466336691,0,0,0
0.719509517379292,0,0,0,0.515327634166497,0,0,0,0.491558381165937,0,0,0
0,0,0.434768326437243,0,0.147087351162205,0,0,0,0.647655886816898,0,0,0
0,0,0,0.482579405897621,0,0,0.367304853541339,0,0.835910602520871,1.30102143799535e-05,0,0
0,0,0,0.158321327753726,0.531011472230311,0,0.339471620550521,0,0.670008346070364,0.00522483009894347,0,0
0.418880527168264,0,0,0,0,0,0.245350582858336,0,0.197335737539027,0,0,0
0.789044319253964,0,0,0.333530348683293,0,0,0.171869611935016,0,0.684792909150441,0,0,0
0.725201214065993,0,0,0,0.522942247997361,0,0.155264608775061,0,0.497551351688233,0,0,0
0,0,0,0.158321328330115,0.531011471696309,0,0.339471619539825,0,0.670008346654966,0.00522482870671201,0,0
0,0,0,0,0,0,0,0,0,0,0,0.382017050024129
0.269028295678878,0,0.527505813411475,0,0,0,0,0,0,0,0,0.15327592553345
0.269028295678878,0,0,0.537574563423303,0,0,0,0,0,0,0,0.15327592553345
0.269028295678878,0,0.191384585463834,0.373710750925982,0,0,0,0,0,0,0,0.15327592553345
0,0.51474168632451,0,0,0,0.14491853961739,0,0,0,0,0,0.225629969044131
0.352095290900256,0,0,0.522778575534091,0,0.167345307651026,0,0,0,0,0,0
0,0,0.247118400309187,0.325879171531682,0,0.14491853961739,0,0,0,0,0,0.225629969044131
0,0,0,0.599505650674255,0,0,0.372569325919158,0,0,0,0,0
0,0,0,0,0.712265567547729,0,0.322606083473553,0,0,0,0,2.05105894040642e-07
0,0,0,0.293678802008249,0.468757436571425,0,0.343689391033631,0,0,0,0,0
0,0,0,0.293678802008248,0.468757436571425,0,0.343689391033631,0,0,0,0,0
0,0,0,0,0.71226557430255,0,0.322606079065849,0,0,0,0,1.82688643462032e-07
0,0,0,0,0,0,0,0,0,0,0,0.382017050024126
0,0,0.531635853896199,0,0,0,0,0,0,0,0,0.382017050024126
0,0,0.531635853896197,0,0,0,0,0,0,0,0,0.382017050024126
0,0,0.266397646767766,0.294900652855119,0,0,0,0,0,0,0,0.382017050024126
0.269039067207282,0,0.527455704900219,0,6.99040654414674e-05,0,0,0,0,0,0,0.153266062227961
0,0,0.526082132321528,0,0,0.306606495780451,0,0.185161547666533,0,0,0,0
0,0,0.526082132321528,0,0,0.306606495780451,0,0.185161547666533,0,0,0,0
0,0,0,0.535335167139234,0,0.306606495780451,0,0.185161547666533,0,0,0,0
0.352095290900256,0,0,0.522778575534091,0,0.167345307651026,0,0,0,0,0,0
0.358810006518177,0,0,0,0.599289633552522,0,0,0,0,0,0,0.076939087267963
0.34818758614723,0,0.495225170539603,0,0.018976333231728,0.153747784845659,0,0,0,0,0,0
0.269028295678878,0,0.399346242924247,0,0,0,0.257463001701322,0,0,0,0,0
0.269028295678878,0,0,0.541478805374551,0,0,0.305612987963595,0,0,0,0,0
0.364280835389008,0,0,0,0.635807216015362,0,0.237947705248013,0,0,0,0,0
0.316635212877443,0,0,0,0,0.0959080581123554,0.290365402929697,0,0,0,0,0
0.319080277746698,0,0.344938235859653,0,0,0.100833842795931,0.270343951045312,0,0,0,0,0
0.364280835389008,0,0,0,0.635807216015361,0,0.237947705248012,0,0,0,0,0
0.335851588538067,0,0,0.236058144339674,0.446043033887334,0,0.261501353083419,0,0,0,0,0
0,0,0,0,0,0,0,0,0.0648207469802951,0,0,0.26968333151589
0.810092396239882,0,0,0.353681770766745,0,0,0,0,0.712510466336692,0,0,0
0.777977269266948,0,0,0.111768694679855,0.40330470207851,0,0,0,0.590653165531019,0,0,0
0.810092396239881,0,0,0.353681770766742,0,0,0,0,0.712510466336691,0,0,0
0.777977269266948,0,0,0.111768694679855,0.403304702078509,0,0,0,0.590653165531019,0,0,0
0,0,0,0.296007405231784,0.388115804121109,0,0,0,0.781240012617701,0,0,0
0,0,0,0,0,0,0.345527057690986,0,0.168055572396926,0,0,0
0.789044319253964,0,0,0.333530348683293,0,0,0.171869611935017,0,0.684792909150441,0,0,0
0,0,0,0,0.672968782474368,0,0.323870632593138,0,0.526844804721963,0,0,0
0.725201214065991,0,0,0,0.522942247997359,0,0.155264608775061,0,0.497551351688232,0,0,0
0,0,0,0.160163857866946,0.529344894883802,0,0.335717120260957,0,0.671928021908426,0,0,0
0,0,0,0.160163857866946,0.529344894883802,0,0.335717120260958,0,0.671928021908426,0,0,0
0.725201214065993,0,0,0,0.522942247997361,0,0.155264608775061,0,0.497551351688233,0,0,0
0,0,0,0,0.672968782474366,0,0.323870632593137,0,0.526844804721961,0,0,0
0.725201214065991,0,0,0,0.522942247997359,0,0.155264608775062,0,0.497551351688232,0,0,0
0.416951067690221,0,0,0,0,0,0,0,0.19479489243204,0,0,0
0.681564758125195,0,0.353974870123195,0,0,0,0,0,0.543256421806115,0,0,0
0.719509517401974,2.96724273891737e-10,0,0,0.515327633910104,0,0,0,0.491558381245523,0,0,0
0.416951067690222,0,0,0,0,0,0,0,0.19479489243204,0,0,0
0,0,0.535934623446373,0,0,0,0,0,0.663317991239174,0,0,0
0.810092396239881,0,0,0.353681770766742,0,0,0,0,0.712510466336691,0,0,0
0.810092396239881,0,0,0.353681770766742,0,0,0,0,0.712510466336691,0,0,0
0.719509517379291,0,0,0,0.515327634166498,0,0,0,0.491558381165938,0,0,0
0,0,0.434768327434888,0,0.147087349764009,0,0,0,0.647655887001208,0,0,0
0.777977269266948,0,0,0.111768694679855,0.403304702078509,0,0,0,0.590653165531019,0,0,0
0.777977269266948,0,0,0.111768694679855,0.403304702078509,0,0,0,0.59065316553102,0,0,0
0.418880527168262,0,0,0,0,0,0.245350582858336,0,0.197335737539027,0,0,0
0.614895990392232,0,0.262868160149034,0,0,0,0.182855920721107,0,0.455462397515364,0,0,0
0.725201214065991,0,0,0,0.522942247997358,0,0.155264608775061,0,0.497551351688232,0,0,0
0.725201214065991,0,0,0,0.522942247997359,0,0.155264608775062,0,0.497551351688232,0,0,0
0,0,0.531635853825129,0,0,0,0,0,0,0,0,0.382017050024128
0.31222779856978,0,0.0401206441302603,0.314375058768324,0.288366652957883,0,0,0,0,0,0,0.11655168943962
0,0,0,0,0,0.14491853961739,0,0,0,0,0,0.225629969044131
0,0.51474168632451,0,0,0,0.14491853961739,0,0,0,0,0,0.225629969044131
0,0,0.247118400309187,0.325879171531682,0,0.14491853961739,0,0,0,0,0,0.225629969044131
0.318063214108185,0,0,0.323230568690746,0.327306285679665,0,0,0,0,0,0,0.111584019659665
0,0,0.436699052470226,0,0,0,0.319583026298305,0,0,0,0,1.45116057847207e-06
0.269028295678878,0,0,0.541478805374551,0,0,0.305612987963595,0,0,0,0,0
0.335851588538069,0,0,0.236058144339668,0.44604303388734,0,0.261501353083417,0,0,0,0,0
0.335851588538066,0,0,0.236058144339674,0.446043033887334,0,0.261501353083419,0,0,0,0,0
0,0,0,0.540422489940696,0,0.178421678657108,0.408157597982725,0,0,0,0,0
0.313934362757649,0,0,0.501835452974002,0,0.0904669729616067,0.312481356334604,0,0,0,0,0
0,0,0,0,0.712258253555946,0,0.329153885545732,0,0,0.00879160070559948,0,1.3621708439705e-09
0.36428083538901,0,0,0,0.635807216015361,0,0.237947705248012,0,0,0,0,0
0.364280835389008,0,0,0,0.635807216015361,0,0.237947705248012,0,0,0,0,0
0,0,0.266397646767766,0.294900652855119,0,0,0,0,0,0,0,0.382017050024126
0.269028295678878,0,0.191384585463827,0.373710750925989,0,0,0,0,0,0,0,0.153275925533447
0,0,0.531635853822006,0,1.00225456706905e-10,0,0,0,0,0,0,0.382017050024126
0.269039091282664,0,0.527455592905324,0,7.00603026217214e-05,0,0,0,0,0,0,0.153266040180288
0.352095290900258,0,0,0.522778575534089,0,0.167345307651026,0,0,0,0,0,0
0.352095290900256,0,0.144333752558017,0.399199767402894,0,0.167345307651026,0,0,0,0,0,0
0,0,0.21435294062206,0.268190697808691,0.107498273088572,0,0,0,0,0,0,0.382017050024126
0.269028295678878,0,0,0.541478805374552,0,0,0.305612987963595,0,0,0,0,0
0.269028295678878,0,0,0.541478805374551,0,0,0.305612987963595,0,0,0,0,0
0,0,0,0.599505477677701,0,0,0.372569969231136,0,0,8.61658127368494e-07,0,0
0,0,0,0,0.712258253396647,0,0.329153871322879,0,0,0.00879158203556777,0,1.85509366271947e-09
0.364280835389008,0,0,0,0.635807216015361,0,0.237947705248012,0,0,0,0,0
0.364280835389008,0,0,0,0.635807216015362,0,0.237947705248012,0,0,0,0,0
0.316635212877441,0,0,0,0,0.0959080581123547,0.290365402929696,0,0,0,0,0
0.33362050657427,0.408427959036165,0,0,0,0.130126332068977,0.15128106010943,0,0,0,0,0
0.335851588538069,0,0,0.236058144339668,0.44604303388734,0,0.261501353083417,0,0,0,0,0
0,0,0,0.292385617449508,0.469827267215744,0,0.345858542909441,0,0,0.00303694719590728,0,0
0,0,4.68198903173711e-09,0.28842064209848,0.390159180380445,0,0,0,0.764878315928492,0.122628883220179,0,0
0.719509517379293,0,0,0,0.515327634166497,0,0,0,0.491558381165937,0,0,0
0,0.175890588235412,0,0,0.508853024686518,0,0,0,0.555703684373514,0.12262888626525,0,0
0,0,0.434768328343416,0,0.147087348490712,0,0,0,0.647655887169054,0,0,0
0,0,0,0.288420642632897,0.390159185572882,0,0,0,0.764878314899644,0.12262888626525,0,0
0.789044319253964,0,0,0.333530348683293,0,0,0.171869611935016,0,0.684792909150441,0,0,0
0,0,0,0.15832132592512,0.531011473924444,0,0.339471623756977,0,0.670008344215699,0.00522483451583033,0,0
0.614904994539041,5.17672060387089e-05,0.262840158632443,0,0,0,0.182836924563035,0,0.455474117812679,0,0,0
0,0,0,0,0.672991912378717,0,0.330158716325898,0,0.526439735320641,0.00844413479202611,0,0
0,0,0,0.158321343077466,0.531011458033463,0,0.339471593680338,0,0.67000836161248,0.00522479308532003,0,0
0,0,0,0.158321336985348,0.531011463677572,0,0.339471604362878,0,0.670008355433543,0.00522480780049749,0,0
0.754208561399607,0,0,0.0556355403462215,0.467051221025445,0,0.15263560245337,0,0.546776674598612,0,0,0
0,0,0.535934623446373,0,0,0,0,0,0.663317991239174,0,0,0
0.681564758128015,1.34577498255367e-10,0.353974870022721,0,0,0,0,0,0.543256421809705,0,0,0
0.719509541964125,0,6.52481460492987e-07,0,0.515326842089164,0,0,0,0.491558569249506,0,0,0
0,0,0.535934623446373,0,0,0,0,0,0.663317991239174,0,0,0
0.810092396239881,0,0,0.353681770766742,0,0,0,0,0.712510466336691,0,0,0
0.71950951740143,2.8960596646895e-10,0,0,0.515327633916254,0,0,0,0.491558381243614,0,0,0
0,0,4.60268264715756e-09,0.288420642107532,0.390159180468398,0,0,0,0.764878315911064,0.122628883271758,0,0
0,0,0,0,0,0,0.347414579785665,0,0.16793029254483,0.00253404210360832,0,0
0,4.50463236946518e-06,0.342253126833987,0,0,0,0.325192192076236,0,0.486299002817715,0,0,0
0,0,0,0,0.672991912382314,0,0.330158716996616,0,0.526439735279039,0.00844413566731236,0,0
0.754208561399607,0,0,0.0556355403462221,0.467051221025445,0,0.15263560245337,0,0.546776674598613,0,0,0
0.418880527168263,0,0,0,0,0,0.245350582858336,0,0.197335737539027,0,0,0
0.614895990392232,0,0.262868160149034,0,0,0,0.182855920721107,0,0.455462397515364,0,0,0
0.614904989683801,5.17392912829566e-05,0.262840173732202,0,0,0,0.182836934806813,0,0.455474111492934,0,0,0
0.725201214065991,0,0,0,0.522942247997358,0,0.155264608775061,0,0.497551351688232,0,0,0
0,0,0,0,0.672991912379299,0,0.330158716434448,0,0.526439735313908,0.00844413493368288,0,0
0,0,0,0,0.67299191238278,0,0.33015871708348,0,0.526439735273651,0.00844413578067,0,0
0,0,0,0.158321341745255,0.531011459267704,0,0.339471596016373,0,0.670008360261284,0.00522479630320353,0,0
0,0,0.531635853896197,0,0,0,0,0,0,0,0,0.382017050024126
0.269039790771963,0,0.527452338995694,0,7.45996282112171e-05,0,0,0,0,0,0,0.153265399599922
0,0,0.214352874924119,0.2681906839968,0.10749837769473,0,0,0,0,0,0,0.382017050024128
0,0.18780827308148,0,0,0.429780052104246,0,0,0,0,0,0,0.382017050024126
0.3482076716688,0,0.495264583880195,0,0.0188835807035078,0.153815779199746,0,0,0,0,0,0
0.312239098102258,0,0.040047086629,0.314389738299424,0.288441042570551,0,0,0,0,0,0,0.116541534353864
0.333620506574271,0.408427959036163,0,0,0,0.130126332068979,0.15128106010943,0,0,0,0,0
0,0,0,0,0.71226557933662,0,0.322606075780982,0,0,0,0,1.65982056290313e-07
0.364280835389008,0,0,0,0.635807216015362,0,0.237947705248012,0,0,0,0,0
0,0,0,0,0,0,0,0.225940994557669,0,0,0.164751718765085,0.118572772650676
0.269028295678878,0,0,0.537574563423307,0,0,0,0,0,0,0,0.153275925533447
0,0,0.266397646767748,0.294900652855137,0,0,0,0,0,0,0,0.382017050024126
0,0,0,0,0.576394059436311,0,0,0,0,0,0,0.382017050024126
0,0,0.5316358538037,0,1.24955768046011e-10,0,0,0,0,0,0,0.382017050024126
0.312243434020957,0,0.0400188562046964,0.314395374112046,0.288469588757665,0,0,0,0,0,0,0.116537638138898
0,0,0.214352826208498,0.268190673755241,0.107498455261035,0,0,0,0,0,0,0.382017050024126
0.352095290900256,0,0.144333752556386,0.399199767404389,0,0.167345307651026,0,0,0,0,0,0
0,0,0.193952736594495,0.369272499209952,0,0.306606495780451,0,0.185161547666533,0,0,0,0
0,0,0,0,0.576394059436311,0,0,0,0,0,0,0.382017050024126
0.280780865259514,0,0,0,0,0,0.2818122558264,0,0,0,0.0111473969565547,0
0.26903011902965,0.49639037954334,0,0,0,0,0.111012034810822,0,0,0,1.66560616435045e-06,0.0155968600850961
0,0,0,0,0.712265575456693,0,0.32260607831274,0,0,0,0,1.78858383107766e-07
0.335851588538069,0,0,0.236058144339668,0.44604303388734,0,0.261501353083417,0,0,0,0,0
0,0,0,0.293678802008249,0.468757436571425,0,0.343689391033631,0,0,0,0,0
0.335851588538069,0,0,0.236058144339668,0.44604303388734,0,0.261501353083417,0,0,0,0,0
0,0,0,0.293678802008255,0.468757436571423,0,0.343689391033629,0,0,0,0,0
0.484026785354388,0,0,0,0,0,0,0,0.175188401933831,0,0.0777438608001099,0
0,0,0.535934623446373,0,0,0,0,0,0.663317991239174,0,0,0
0.810092396239882,0,0,0.353681770766742,0,0,0,0,0.712510466336691,0,0,0
0.810092396239882,0,0,0.353681770766742,0,0,0,0,0.712510466336691,0,0,0
0,0.17197533205186,0,0,0.516786150073083,0,0,0,0.564074661056391,0,0,0
0.71950953366403,1.35297921161416e-10,4.31921463936574e-07,0,0.515327109720274,0,0,0,0.491558505707454,0,0,0
0,0,0,0.296007405232136,0.388115804125127,0,0,0,0.781240012617164,0,0,0
0,0,0,0.296007405231846,0.388115804121811,0,0,0,0.781240012617607,0,0,0
0,0,0,0.296007405231838,0.388115804121725,0,0,0,0.781240012617619,0,0,0
0,0.561221638304731,0,0,0,0,0,0,0.563628329555503,0,0.0152008784954632,0
0.640897248548447,0.387453969778067,0,0,0,0,0,0,0.489702644752272,0,0,0
0.681564758125195,0,0.353974870123193,0,0,0,0,0,0.543256421806113,0,0,0
0.681564758127974,1.32616845185698e-10,0.353974870024185,0,0,0,0,0,0.543256421809652,0,0,0
0.777977269266948,0,0,0.111768694679855,0.40330470207851,0,0,0,0.590653165531019,0,0,0
0.777977269266948,0,0,0.111768694679855,0.403304702078509,0,0,0,0.590653165531019,0,0,0
0.777977269266948,0,0,0.111768694679855,0.403304702078509,0,0,0,0.590653165531019,0,0,0
0.789044319253964,0,0,0.333530348683293,0,0,0.171869611935016,0,0.684792909150441,0,0,0
0,0,0,0,0.672968782474368,0,0.323870632593137,0,0.526844804721963,0,0,0
0.725201214065991,0,0,0,0.522942247997359,0,0.155264608775061,0,0.497551351688232,0,0,0
0.754208561399592,0,0,0.0556355403461912,0.467051221025478,0,0.152635602453371,0,0.546776674598586,0,0,0
0,0,0,0,0,5.01322540041722e-10,0.350450513887388,0,0.163078019630221,0,0.0159789830714584,0
0,0,0.342255473177365,0,0,0,0.325193651321926,0,0.486297951420365,0,0,0
0.614904921175403,5.13454086192032e-05,0.262840386792717,0,0,0,0.182837079348483,0,0.455474022320074,0,0,0
0.789044319253964,0,0,0.333530348683293,0,0,0.171869611935016,0,0.684792909150441,0,0,0
0.789044319253964,0,0,0.333530348683293,0,0,0.171869611935017,0,0.684792909150441,0,0,0
0,0,0,0.160163857866946,0.529344894883802,0,0.335717120260958,0,0.671928021908426,0,0,0
0.754208561399585,0,0,0.0556355403461784,0.467051221025492,0,0.152635602453371,0,0.546776674598575,0,0,0
0.640897248548447,0.387453969778067,0,0,0,0,0,0,0.489702644752272,0,0,0
0.484026785354386,0,0,0,0,0,0,0,0.175188401933832,0,0.0777438608001085,0
0.719509517379295,0,0,0,0.515327634166499,0,0,0,0.491558381165939,0,0,0
0,0,0.434768324663066,0,0.147087353648704,0,0,0,0.647655886489128,0,0,0
0.777977269266948,0,0,0.111768694679855,0.403304702078509,0,0,0,0.590653165531019,0,0,0
0.725201214065991,0,0,0,0.522942247997358,0,0.155264608775061,0,0.497551351688232,0,0,0
0.725201214065991,0,0,0,0.522942247997359,0,0.155264608775062,0,0.497551351688232,0,0,0
0.754208561399577,0,0,0.0556355403461631,0.467051221025509,0,0.152635602453372,0,0.546776674598562,0,0,0
0.418880527168264,0,0,0,0,0,0.245350582858336,0,0.197335737539027,0,0,0
0,0.45591559524274,0,0,0,0,0.186616506065774,0,0.494480083994745,0,0,0
0,0,0,0,0.672968782474366,0,0.323870632593137,0,0.526844804721961,0,0,0
0.754208561399582,0,0,0.0556355403461727,0.467051221025498,0,0.152635602453372,0,0.54677667459857,0,0,0
0,0.513173850066245,0,0,0,0,0,0,0,0,0,0.382017050024126
0.269028295678878,0,0.191384585463801,0.373710750926014,0,0,0,0,0,0,0,0.153275925533447
0,0.187808273081471,0,0,0.429780052104255,0,0,0,0,0,0,0.382017050024126
0.339973668030692,0.159519210714864,0,0,0.473557763619221,0,0,0,0,0,0,0.0929546711902478
0,0,0,0.314769136781805,0.31406258846066,0,0,0,0,0,0,0.382017050024129
0,0,0,0,0,0.144918539928384,0,0,0,0,0,0.225629968656099
0,0.51474168633786,0,0,0,0.144918539794512,0,0,0,0,0,0.225629968823132
0.352095290900256,0,0.503380196051603,0,0,0.167345307651026,0,0,0,0,0,0
0,0,0.247118400272239,0.325879171580013,0,0.144918539700823,0,0,0,0,0,0.225629968940031
0.352095290900256,0,0.144333752556895,0.399199767403922,0,0.167345307651026,0,0,0,0,0,0
0.352095290900256,0,0.144333752557398,0.399199767403462,0,0.167345307651026,0,0,0,0,0,0
0,0,0,0,0.576394059436309,0,0,0,0,0,0,0.382017050024126
0,0,0.214352920368209,0.268190693550645,0.107498305337356,0,0,0,0,0,0,0.382017050024126
0.269030301697396,0.496390638348762,0,0,0,0,0.111011837976271,0,0,0,1.83247119903333e-06,0.0155962958414681
0.269028295678878,0,0.399346242924247,0,0,0,0.257463001701322,0,0,0,0,0
0,0,0,0.599505449728053,0,0,0.372570073165609,0,0,1.00086852926261e-06,0,0
0.316635212877441,0,0,0,0,0.0959080581123547,0.290365402929696,0,0,0,0,0
0.319080277746711,0,0.34493823585952,0,0,0.100833842795957,0.270343951045231,0,0,0,0,0
0.313934362757649,0,0,0.501835452974002,0,0.0904669729616067,0.312481356334604,0,0,0,0,0
0,0,0,0,0.712258253590959,0,0.329153888410163,0,0,0.00879160446833913,0,1.25325527346722e-09
0.36428083538901,0,0,0,0.635807216015361,0,0.237947705248012,0,0,0,0,0
0,0,0,0.292384637140783,0.469828092025198,0,0.345860088476195,0,0,0.00303909746284338,0,0
0.358810006518179,0,0,0,0.599289633552526,0,0,0,0,0,0,0.0769390872679582
0,0.187808273081471,0,0,0.429780052104255,0,0,0,0,0,0,0.382017050024126
0.269039867221676,0,0.527451983364695,0,7.50957463599285e-05,0,0,0,0,0,0,0.153265329588066
0,0,0.214352865517216,0.268190682019168,0.107498392672658,0,0,0,0,0,0,0.382017050024126
0,0.480373223209415,0,0,0,0.306606495780451,0,0.185161547666533,0,0.122628886265249,0,0
0.348196872647282,0,0.495243389851692,0,0.0189334556089192,0.153779219400235,0,0,0,0,0,0
0.318063214108185,0,0,0.323230568690746,0.327306285679665,0,0,0,0,0,0,0.111584019659665
0,0,0,0,0,0,0.357108199423473,0,0,0.000361067453209859,0.0367115160494031,0
0,0,0,0.599505352459983,0,0,0.372570434869344,0,0,1.4853356023442e-06,0,0
0,0,0,0.599505436984524,0,0,0.372570120554088,0,0,1.06434088079669e-06,0,0
0.36428083538901,0,0,0,0.635807216015361,0,0.237947705248012,0,0,0,0,0
0.364280835389008,0,0,0,0.635807216015361,0,0.237947705248012,0,0,0,0,0
0,0,0,0,0.712258253144581,0,0.32915384003915,0,0,0.00879154105948244,0,2.61573603790458e-09
0.33362050657427,0.408427959036165,0,0,0,0.130126332068977,0.15128106010943,0,0,0,0,0
0,0,0,0,0.712258253620783,0,0.329153890775644,0,0,0.00879160757648393,0,1.16031453448265e-09
0,0,0,0,0.712258253499382,0,0.329153876959204,0,0,0.00879158947026324,0,1.52941139254506e-09
0,0,0,0,0.712258253456132,0,0.329153874540448,0,0,0.00879158628052096,0,1.66641811943677e-09
0,0,0.535934623446375,0,0,0,0,0,0.663317991239175,0,0,0
0.810092396239883,0,0,0.353681770766745,0,0,0,0,0.712510466336691,0,0,0
0.810092396239882,0,0,0.353681770766742,0,0,0,0,0.712510466336691,0,0,0
0.777977269266948,0,0,0.111768694679855,0.40330470207851,0,0,0,0.590653165531019,0,0,0
0,0,0,0.288420642632897,0.390159185572882,0,0,0,0.764878314899644,0.12262888626525,0,0
0.810092396239883,0,0,0.353681770766745,0,0,0,0,0.712510466336691,0,0,0
0,0,0,0,0.64999270349582,0,0,0,0.50446244361779,0.122628886265249,0,0
0,0.175890588235412,0,0,0.508853024686518,0,0,0,0.555703684373514,0.12262888626525,0,0
0,0,0.434768327384532,0,0.147087349834583,0,0,0,0.647655886991904,0,0,0
0.719509538788602,0,5.68202566328998e-07,0,0.515326944399235,0,0,0,0.491558544955385,0,0,0
0,0,0.434768325799519,0,0.147087352055971,0,0,0,0.647655886699082,0,0,0
0.777977269266948,0,0,0.111768694679855,0.403304702078509,0,0,0,0.590653165531019,0,0,0
0.418880527168264,0,0,0,0,0,0.245350582858336,0,0.197335737539027,0,0,0
0,0,0,0,0.672991912383787,0,0.33015871727121,0,0.526439735262007,0.00844413602565755,0,0
0,0,0,0.158321333205795,0.531011467179182,0,0.339471610990326,0,0.670008351600128,0.00522481692979424,0,0
0,4.52141129716719e-06,0.342253118094272,0,0,0,0.325192186640805,0,0.486299006733964,0,0,0
0.725201214065993,0,0,0,0.522942247997361,0,0.155264608775061,0,0.497551351688233,0,0,0
0,0,0,0.158321324237497,0.531011475487961,0,0.339471626716219,0,0.670008342504027,0.00522483859217992,0,0
0,0,0.535934623446373,0,0,0,0,0,0.663317991239174,0,0,0
0.681564758125195,0,0.353974870123193,0,0,0,0,0,0.543256421806113,0,0,0
0.681564758127998,1.3373440312184e-10,0.353974870023351,0,0,0,0,0,0.543256421809682,0,0,0
0,0,0.43476832635091,0,0.147087351283199,0,0,0,0.647655886800948,0,0,0
0,0,4.09721151736732e-09,0.288420642165228,0.390159181028977,0,0,0,0.764878315799989,0.122628883600506,0,0
0.777977269266948,0,0,0.111768694679855,0.403304702078509,0,0,0,0.590653165531019,0,0,0
0,0,0,0,0,0.126044540480077,0,0.169456687295782,0.135725188350127,0.122628886265249,0.0352262978687845,0
0.681564758127993,1.33497617135175e-10,0.353974870023528,0,0,0,0,0,0.543256421809676,0,0,0
0,0,0,0.288420642632897,0.390159185572882,0,0,0,0.764878314899644,0.12262888626525,0,0
0.777977269266948,0,0,0.111768694679855,0.403304702078509,0,0,0,0.590653165531019,0,0,0
0.777977269266948,0,0,0.111768694679855,0.403304702078509,0,0,0,0.59065316553102,0,0,0
0,0.431714894030148,0,0,0,0,0.227724743951159,0,0.474984400753256,0.0438707182273592,0,0
0.789044319253964,0,0,0.333530348683293,0,0,0.171869611935016,0,0.684792909150441,0,0,0
0,0,0,0.158321323242533,0.531011476409757,0,0.339471628460884,0,0.670008341494884,0.00522484099545312,0,0
0,0,0,0,0,2.2460750921503e-10,0.35130663486721,0,0.16322233460449,0.00143428279227504,0.0152886838487565,0
0.789044319253964,0,0,0.333530348683293,0,0,0.171869611935017,0,0.684792909150441,0,0,0
0.725201214065993,0,0,0,0.522942247997361,0,0.155264608775061,0,0.497551351688233,0,0,0
0,0,0,0,0.672991912381754,0,0.3301587168923,0,0.526439735285509,0.00844413553118025,0,0
0.725201214065991,0,0,0,0.522942247997359,0,0.155264608775062,0,0.497551351688232,0,0,0
0,0,0,0.158321337101161,0.531011463570276,0,0.339471604159799,0,0.670008355551007,0.00522480752075759,0,0
0.754208561399578,0,0,0.0556355403461659,0.467051221025506,0,0.152635602453372,0,0.546776674598565,0,0,0
