"a","b","c","d","e","f","g","h","i","j","k","l","richness","a.star","b.star","c.star","d.star","e.star","f.star","g.star","h.star","i.star","j.star","k.star","l.star","feasible.and.stable","state_idx"
1,1,1,1,0,0,0,0,0,0,0,0,3,0.269028295678878,0,0.193930045363798,0.427886863400525,0,0,0,0,0,0,0,0,"TRUE",15
1,1,0,0,1,0,0,0,0,0,0,0,3,0.340810413884507,0.188560170317196,0,0,0.479143011565845,0,0,0,0,0,0,0,"TRUE",19
0,1,1,0,1,0,0,0,0,0,0,0,1,0,0,0.659424285871842,0,0,0,0,0,0,0,0,0,"TRUE",22
1,0,1,1,1,0,0,0,0,0,0,0,4,0.311627547956013,0,0.0440743573665184,0.356656725469119,0.284358121532654,0,0,0,0,0,0,0,"TRUE",29
0,1,1,1,1,0,0,0,0,0,0,0,3,0,0,0.226770911352503,0.406333576647464,0.0949528962279134,0,0,0,0,0,0,0,"TRUE",30
1,1,1,1,1,0,0,0,0,0,0,0,4,0.311625652040904,0,0.044086599154352,0.356654975505811,0.284345655411916,0,0,0,0,0,0,0,"TRUE",31
0,1,0,1,0,1,0,0,0,0,0,0,2,0,0,0,0.575199040462471,0,0.297225572979494,0,0,0,0,0,0,"TRUE",42
0,0,1,0,0,0,1,0,0,0,0,0,2,0,0,0.436699772348906,0,0,0,0.319582713105312,0,0,0,0,0,"TRUE",68
0,0,1,1,0,0,1,0,0,0,0,0,2,0,0,0,0.599505650674255,0,0,0.372569325919157,0,0,0,0,0,"TRUE",76
0,0,1,0,1,0,1,0,0,0,0,0,2,0,0,0,0,0.712265629350721,0,0.322606043145421,0,0,0,0,0,"TRUE",84
0,1,1,1,1,0,1,0,0,0,0,0,3,0,0,0,0.293678802008277,0.468757436571411,0,0.343689391033626,0,0,0,0,0,"TRUE",94
1,0,1,0,1,1,1,0,0,0,0,0,3,0.364280835389008,0,0,0,0.635807216015362,0,0.237947705248012,0,0,0,0,0,"TRUE",117
0,1,1,0,1,1,1,0,0,0,0,0,2,0,0,0,0,0.712265629350721,0,0.322606043145421,0,0,0,0,0,"TRUE",118
0,0,1,1,1,1,1,0,0,0,0,0,3,0,0,0,0.293678802008277,0.468757436571411,0,0.343689391033626,0,0,0,0,0,"TRUE",124
1,1,1,1,1,1,1,0,0,0,0,0,4,0.335851588538067,0,0,0.236058144339674,0.446043033887334,0,0.261501353083419,0,0,0,0,0,"TRUE",127
1,1,0,0,0,0,0,1,0,0,0,0,2,0.269028295678878,0.572276012733558,0,0,0,0,0,3.12010778341956e-07,0,0,0,0,"TRUE",131
0,1,0,1,0,0,0,1,0,0,0,0,2,0,0,0,0.626369853641969,0,0,0,0.185161547666534,0,0,0,0,"TRUE",138
0,1,1,0,1,0,0,1,0,0,0,0,2,0,0,0.618601716793862,0,4.68614174956818e-08,0,0,0.185161543428194,0,0,0,0,"TRUE",150
0,1,0,0,0,1,0,1,0,0,0,0,3,0,0.483765192675532,0,0,0,0.306606495780453,0,0.185161547666534,0,0,0,0,"TRUE",162
1,1,1,1,0,1,0,1,0,0,0,0,4,0.352095290900259,0,0.14433375255738,0.399199767403477,0,0.167345307651027,0,0,0,0,0,0,"TRUE",175
1,1,0,0,1,1,0,1,0,0,0,0,3,0.340810413884507,0.188560170317196,0,0,0.479143011565845,0,0,0,0,0,0,0,"TRUE",179
0,0,1,0,1,1,0,1,0,0,0,0,4,0,0,0.516851512928271,0,0.0205750178516636,0.290215316428217,0,0.18341763771103,0,0,0,0,"TRUE",180
1,1,0,0,0,0,1,1,0,0,0,0,3,0.269028295678878,0.505914116023143,0,0,0,0,0.104850507701819,0,0,0,0,0,"TRUE",195
0,0,0,1,1,0,1,1,0,0,0,0,3,0,0,0,0.293678802008277,0.468757436571411,0,0.343689391033626,0,0,0,0,0,"TRUE",216
1,0,1,1,1,0,1,1,0,0,0,0,4,0.335851588538067,0,0,0.236058144339674,0.446043033887334,0,0.261501353083419,0,0,0,0,0,"TRUE",221
1,0,1,0,0,1,1,1,0,0,0,0,4,0.319080277746698,0,0.344938235859653,0,0,0.100833842795931,0.270343951045312,0,0,0,0,0,"TRUE",229
0,1,1,1,0,1,1,1,0,0,0,0,3,0,0,0,0.540422489940794,0,0.178421678657303,0.408157597982166,0,0,0,0,0,"TRUE",238
1,0,0,0,1,1,1,1,0,0,0,0,3,0.36428083538901,0,0,0,0.635807216015361,0,0.237947705248011,0,0,0,0,0,"TRUE",241
1,1,0,0,1,1,1,1,0,0,0,0,3,0.364280835389008,0,0,0,0.635807216015361,0,0.237947705248012,0,0,0,0,0,"TRUE",243
1,0,1,0,1,1,1,1,0,0,0,0,3,0.364280835389008,0,0,0,0.635807216015362,0,0.237947705248012,0,0,0,0,0,"TRUE",245
1,0,0,1,1,1,1,1,0,0,0,0,4,0.335851588538069,0,0,0.236058144339668,0.44604303388734,0,0.261501353083417,0,0,0,0,0,"TRUE",249
1,1,1,1,0,0,0,0,1,0,0,0,3,0.810092396239882,0,0,0.353681770766742,0,0,0,0,0.712510466336691,0,0,0,"TRUE",271
0,0,0,0,1,0,0,0,1,0,0,0,2,0,0,0,0,0.654784114446456,0,0,0,0.513974030419344,0,0,0,"TRUE",272
1,0,0,1,1,0,0,0,1,0,0,0,4,0.777977269266948,0,0,0.111768694679855,0.40330470207851,0,0,0,0.590653165531019,0,0,0,"TRUE",281
1,0,1,1,1,0,0,0,1,0,0,0,4,0.777977269266948,0,0,0.111768694679855,0.403304702078509,0,0,0,0.590653165531019,0,0,0,"TRUE",285
1,0,0,1,1,1,0,0,1,0,0,0,4,0.777977269266948,0,0,0.111768694679855,0.40330470207851,0,0,0,0.590653165531019,0,0,0,"TRUE",313
1,1,0,1,1,1,0,0,1,0,0,0,4,0.777977269266948,0,0,0.111768694679855,0.403304702078509,0,0,0,0.590653165531019,0,0,0,"TRUE",315
1,0,1,1,0,0,1,0,1,0,0,0,4,0.789044319253964,0,0,0.333530348683293,0,0,0.171869611935017,0,0.684792909150441,0,0,0,"TRUE",333
0,1,1,1,1,0,1,0,1,0,0,0,4,0,0,0,0.160163857866946,0.529344894883802,0,0.335717120260958,0,0.671928021908426,0,0,0,"TRUE",350
1,0,0,0,0,1,1,0,1,0,0,0,3,0.418880527168263,0,0,0,0,0,0.245350582858336,0,0.197335737539027,0,0,0,"TRUE",353
0,0,0,0,1,1,1,0,1,0,0,0,3,0,0,0,0,0.672968782474368,0,0.323870632593137,0,0.526844804721963,0,0,0,"TRUE",368
1,1,1,0,1,1,1,0,1,0,0,0,4,0.725201214065991,0,0,0,0.522942247997359,0,0.155264608775061,0,0.497551351688232,0,0,0,"TRUE",375
1,1,0,1,1,1,1,0,1,0,0,0,5,0.754208561399612,0,0,0.0556355403462333,0.467051221025432,0,0.152635602453369,0,0.546776674598622,0,0,0,"TRUE",379
1,1,0,0,0,0,0,1,1,0,0,0,3,0.640897248548447,0.387453969778067,0,0,0,0,0,0,0.489702644752273,0,0,0,"TRUE",387
0,0,1,0,0,0,0,1,1,0,0,0,2,0,0,0.535934623446373,0,0,0,0,0,0.663317991239174,0,0,0,"TRUE",388
0,1,0,0,1,0,0,1,1,0,0,0,3,0,0.17197533205186,0,0,0.516786150073083,0,0,0,0.564074661056391,0,0,0,"TRUE",402
0,1,1,0,1,0,0,1,1,0,0,0,3,0,0,0.434768325810086,0,0.147087352041162,0,0,0,0.647655886701034,0,0,0,"TRUE",406
0,1,1,1,1,0,0,1,1,0,0,0,3,0,0,0,0.296007405231803,0.388115804121319,0,0,0,0.781240012617673,0,0,0,"TRUE",414
1,1,0,1,0,1,0,1,1,0,0,0,3,0.810092396239882,0,0,0.353681770766745,0,0,0,0,0.712510466336692,0,0,0,"TRUE",427
0,1,0,1,1,1,0,1,1,0,0,0,3,0,0,0,0.296007405232136,0.388115804125127,0,0,0,0.781240012617164,0,0,0,"TRUE",442
0,0,0,0,0,0,1,1,1,0,0,0,2,0,0,0,0,0,0,0.345527057690986,0,0.168055572396927,0,0,0,"TRUE",448
0,1,0,0,0,0,1,1,1,0,0,0,3,0,0.45591559524274,0,0,0,0,0.186616506065774,0,0.494480083994745,0,0,0,"TRUE",450
1,1,1,0,0,0,1,1,1,0,0,0,4,0.614904859193029,5.09890468521651e-05,0.262840579557226,0,0,0,0.182837210121181,0,0.455473941641689,0,0,0,"TRUE",455
1,0,0,1,0,0,1,1,1,0,0,0,4,0.789044319253964,0,0,0.333530348683293,0,0,0.171869611935018,0,0.684792909150441,0,0,0,"TRUE",457
1,1,0,0,1,0,1,1,1,0,0,0,4,0.725201214065991,0,0,0,0.522942247997358,0,0.155264608775061,0,0.497551351688232,0,0,0,"TRUE",467
0,1,1,0,1,0,1,1,1,0,0,0,3,0,0,0,0,0.672968782474366,0,0.323870632593137,0,0.526844804721961,0,0,0,"TRUE",470
0,0,1,1,1,0,1,1,1,0,0,0,4,0,0,0,0.160163857866946,0.529344894883802,0,0.335717120260957,0,0.671928021908426,0,0,0,"TRUE",476
1,0,1,1,1,0,1,1,1,0,0,0,5,0.75420856139962,0,0,0.0556355403462485,0.467051221025416,0,0.152635602453368,0,0.546776674598635,0,0,0,"TRUE",477
0,0,1,0,0,1,1,1,1,0,0,0,3,0,0,0.342255473177365,0,0,0,0.325193651321926,0,0.486297951420366,0,0,0,"TRUE",484
1,1,1,0,0,1,1,1,1,0,0,0,4,0.614904879880054,5.11079849203386e-05,0.262840515220818,0,0,0,0.182837166474945,0,0.455473968568633,0,0,0,"TRUE",487
1,1,1,1,0,1,1,1,1,0,0,0,4,0.789044319253964,0,0,0.333530348683293,0,0,0.171869611935017,0,0.684792909150441,0,0,0,"TRUE",495
0,0,1,0,1,1,1,1,1,0,0,0,3,0,0,0,0,0.672968782474366,0,0.323870632593137,0,0.526844804721961,0,0,0,"TRUE",500
0,1,1,0,1,1,1,1,1,0,0,0,3,0,0,0,0,0.672968782474366,0,0.323870632593137,0,0.526844804721961,0,0,0,"TRUE",502
0,1,1,1,1,1,1,1,1,0,0,0,4,0,0,0,0.160163857866946,0.529344894883802,0,0.335717120260958,0,0.671928021908426,0,0,0,"TRUE",510
1,1,0,0,0,0,0,0,0,1,0,0,2,0.275453507685873,0.570277538732251,0,0,0,0,0,0,0,0.00436126487914098,0,0,"TRUE",515
1,0,1,0,0,0,0,0,0,1,0,0,2,0.269028295678878,0,0.578778106578229,0,0,0,0,0,0,0,0,0,"TRUE",517
0,0,0,0,1,0,0,0,0,1,0,0,2,0,0,0,0,0.687691655247155,0,0,0,0,0.12262888626525,0,0,"TRUE",528
0,0,1,0,1,0,0,0,0,1,0,0,1,0,0,0.659424285871842,0,0,0,0,0,0,0,0,0,"TRUE",532
0,1,1,0,1,0,0,0,0,1,0,0,1,0,0,0.659424285871842,0,0,0,0,0,0,0,0,0,"TRUE",534
0,1,0,1,1,1,0,0,0,1,0,0,4,0,0,0,0.431315102954742,0.316354050797153,0.0466609532528208,0,0,0,0.12262888626525,0,0,"TRUE",570
1,1,0,0,0,0,1,0,0,1,0,0,3,0.269028295678878,0.505914116023143,0,0,0,0,0.104850507701819,0,0,0,0,0,"TRUE",579
1,1,1,0,0,0,1,0,0,1,0,0,3,0.269028295678878,0,0.399346242924117,0,0,0,0.257463001701227,0,0,0,0,0,"TRUE",583
1,0,1,1,0,0,1,0,0,1,0,0,3,0.269028295678878,0,0,0.541478805374551,0,0,0.305612987963595,0,0,0,0,0,"TRUE",589
0,1,1,1,0,0,1,0,0,1,0,0,2,0,0,0,0.599505326552881,0,0,0.372570531208082,0,0,1.61437176509398e-06,0,0,"TRUE",590
1,1,1,0,1,0,1,0,0,1,0,0,3,0.364280835389008,0,0,0,0.635807216015362,0,0.237947705248012,0,0,0,0,0,"TRUE",599
1,0,0,1,1,0,1,0,0,1,0,0,4,0.335851588538069,0,0,0.236058144339668,0.44604303388734,0,0.261501353083417,0,0,0,0,0,"TRUE",601
1,0,1,0,0,1,1,0,0,1,0,0,4,0.319080277746698,0,0.344938235859653,0,0,0.100833842795931,0.270343951045312,0,0,0,0,0,"TRUE",613
0,0,0,1,0,1,1,0,0,1,0,0,3,0,0,0,0.54042248994069,0,0.178421678657096,0.408157597982761,0,0,0,0,0,"TRUE",616
1,0,0,1,0,1,1,0,0,1,0,0,4,0.313934362757649,0,0,0.501835452974002,0,0.0904669729616067,0.312481356334604,0,0,0,0,0,"TRUE",617
0,1,0,1,1,1,1,0,0,1,0,0,3,0,0,0,0.292382452790539,0.46982992996512,0,0.345863531798509,0,0,0.00304388791469538,0,0,"TRUE",634
1,0,1,1,1,1,1,0,0,1,0,0,4,0.335851588538067,0,0,0.236058144339674,0.446043033887334,0,0.261501353083419,0,0,0,0,0,"TRUE",637
1,1,1,0,1,0,0,1,0,1,0,0,2,0.269028306367053,0,0.578778051552762,0,6.70953130715312e-08,0,0,1.28676486062934e-08,0,0,0,0,"TRUE",663
0,0,0,1,1,0,0,1,0,1,0,0,4,0,0,0,0.384534044405543,0.36112574211682,0,0,0.154565972227517,0,0.12262888626525,0,0,"TRUE",664
1,0,0,1,0,1,0,1,0,1,0,0,3,0.352095290900258,0,0,0.522778575534089,0,0.167345307651026,0,0,0,0,0,0,"TRUE",681
1,1,0,1,0,1,0,1,0,1,0,0,3,0.352095290900258,0,0,0.522778575534089,0,0.167345307651026,0,0,0,0,0,0,"TRUE",683
0,0,1,1,0,1,0,1,0,1,0,0,4,0,0,0.196314774146506,0.366646306663695,0,0.306606495780453,0,0.185161547666534,0,0.00867204443253319,0,0,"TRUE",684
1,0,0,0,0,0,1,1,0,1,0,0,2,0.269028295678878,0,0,0,0,0,0.281188172153536,0,0,0,0,0,"TRUE",705
0,1,0,0,0,0,1,1,0,1,0,0,3,0,0.520984191115857,0,0,0,0,0.202982602815151,0,0,0.0524277405139891,0,0,"TRUE",706
0,0,0,1,0,0,1,1,0,1,0,0,2,0,0,0,0.599505291113518,0,0,0.372570662993618,0,0,1.79088523178178e-06,0,0,"TRUE",712
1,1,1,1,0,0,1,1,0,1,0,0,3,0.269028295678878,0,0,0.541478805374551,0,0,0.305612987963595,0,0,0,0,0,"TRUE",719
0,1,1,1,1,0,1,1,0,1,0,0,3,0,0,0,0.292382740751223,0.46982968766525,0,0.345863077912346,0,0,0.00304325645989982,0,0,"TRUE",734
1,0,0,1,0,1,1,1,0,1,0,0,4,0.313934362757649,0,0,0.501835452974002,0,0.0904669729616067,0.312481356334604,0,0,0,0,0,"TRUE",745
1,0,0,0,1,1,1,1,0,1,0,0,3,0.36428083538901,0,0,0,0.635807216015361,0,0.237947705248012,0,0,0,0,0,"TRUE",753
0,0,1,0,0,0,0,0,1,1,0,0,2,0,0,0.535934623446375,0,0,0,0,0,0.663317991239175,0,0,0,"TRUE",772
0,0,0,1,1,0,0,0,1,1,0,0,4,0,0,0,0.288420642632897,0.390159185572882,0,0,0,0.764878314899644,0.12262888626525,0,0,"TRUE",792
0,1,0,1,1,0,0,0,1,1,0,0,4,0,0,0,0.288420642632897,0.390159185572882,0,0,0,0.764878314899644,0.12262888626525,0,0,"TRUE",794
0,0,1,1,1,0,0,0,1,1,0,0,4,0,0,4.48885031810112e-09,0.288420642120525,0.39015918059464,0,0,0,0.76487831588605,0.122628883345793,0,0,"TRUE",796
0,1,1,1,1,0,0,0,1,1,0,0,4,0,0,4.66777440141825e-09,0.288420642100102,0.39015918039621,0,0,0,0.764878315925368,0.122628883229424,0,0,"TRUE",798
1,1,1,1,0,1,0,0,1,1,0,0,3,0.810092396239881,0,0,0.353681770766742,0,0,0,0,0.712510466336691,0,0,0,"TRUE",815
0,1,1,0,1,1,0,0,1,1,0,0,3,0,0,0.434768326876512,0,0.147087350546571,0,0,0,0.64765588689805,0,0,0,"TRUE",822
1,0,1,1,1,1,0,0,1,1,0,0,4,0.777977269266948,0,0,0.111768694679855,0.403304702078509,0,0,0,0.590653165531019,0,0,0,"TRUE",829
0,1,0,1,0,0,1,0,1,1,0,0,3,0,0,0,0.482579400030535,0,0,0.367304880672594,0,0.83591059257727,1.30466153556931e-05,0,0,"TRUE",842
1,0,1,1,1,0,1,0,1,1,0,0,5,0.754208561399611,0,0,0.0556355403462305,0.467051221025436,0,0.152635602453369,0,0.54677667459862,0,0,0,"TRUE",861
1,0,1,0,0,1,1,0,1,1,0,0,4,0.614895990392232,0,0.262868160149034,0,0,0,0.182855920721107,0,0.455462397515364,0,0,0,"TRUE",869
0,0,0,0,1,1,1,0,1,1,0,0,3,0,0,0,0,0.672991912387575,0,0.330158717977507,0,0.526439735218198,0.00844413694737456,0,0,"TRUE",880
1,0,0,1,1,1,1,0,1,1,0,0,5,0.754208561399599,0,0,0.0556355403462058,0.467051221025463,0,0.15263560245337,0,0.546776674598599,0,0,0,"TRUE",889
1,1,0,1,1,1,1,0,1,1,0,0,5,0.754208561399599,0,0,0.0556355403462056,0.467051221025463,0,0.15263560245337,0,0.546776674598599,0,0,0,"TRUE",891
1,0,1,1,0,0,0,1,1,1,0,0,3,0.810092396239881,0,0,0.353681770766742,0,0,0,0,0.712510466336691,0,0,0,"TRUE",909
0,1,0,0,1,0,0,1,1,1,0,0,4,0,0.175890588235401,0,0,0.50885302468653,0,0,0,0.555703684373512,0.12262888626525,0,0,"TRUE",914
1,0,1,1,1,0,0,1,1,1,0,0,4,0.777977269266948,0,0,0.111768694679855,0.403304702078509,0,0,0,0.590653165531019,0,0,0,"TRUE",925
1,0,1,0,0,1,0,1,1,1,0,0,3,0.681564758125196,0,0.353974870123194,0,0,0,0,0,0.543256421806114,0,0,0,"TRUE",933
0,0,1,1,1,1,0,1,1,1,0,0,4,0,0,4.41473755999929e-09,0.288420642128985,0.390159180676833,0,0,0,0.764878315869764,0.122628883393994,0,0,"TRUE",956
1,1,1,1,1,1,0,1,1,1,0,0,4,0.777977269266948,0,0,0.111768694679855,0.403304702078509,0,0,0,0.59065316553102,0,0,0,"TRUE",959
0,1,1,0,0,0,1,1,1,1,0,0,3,0,4.50098736970008e-06,0.342253128732575,0,0,0,0.325192193257012,0,0.486299001966962,0,0,0,"TRUE",966
1,1,1,0,0,0,1,1,1,1,0,0,4,0.6149049643282,5.15935115942328e-05,0.262840252587916,0,0,0,0.182836988303057,0,0.455474078489224,0,0,0,"TRUE",967
0,0,0,0,1,0,1,1,1,1,0,0,3,0,0,0,0,0.6729919123877,0,0.330158718000824,0,0.526439735216752,0.00844413697780287,0,0,"TRUE",976
1,0,0,1,1,0,1,1,1,1,0,0,5,0.754208561399599,0,0,0.0556355403462059,0.467051221025462,0,0.15263560245337,0,0.546776674598599,0,0,0,"TRUE",985
0,0,1,1,1,0,1,1,1,1,0,0,4,0,0,0,0.15832133699513,0.531011463668509,0,0.339471604345724,0,0.670008355443465,0.00522480777686904,0,0,"TRUE",988
0,1,0,0,0,1,1,1,1,1,0,0,4,0,0.431714894030145,0,0,0,0,0.227724743951161,0,0.474984400753254,0.0438707182273598,0,0,"TRUE",994
1,1,1,0,0,1,1,1,1,1,0,0,4,0.614904982463577,5.16977792673998e-05,0.262840196187043,0,0,0,0.182836950040328,0,0.455474102094846,0,0,0,"TRUE",999
0,1,0,1,0,1,1,1,1,1,0,0,3,0,0,0,0.482579402177386,0,0,0.36730487074488,0,0.835910596215776,1.3033295719515e-05,0,0,"TRUE",1002
1,0,1,0,1,1,1,1,1,1,0,0,4,0.725201214065991,0,0,0,0.522942247997359,0,0.155264608775062,0,0.497551351688232,0,0,0,"TRUE",1013
1,0,0,1,1,1,1,1,1,1,0,0,5,0.754208561399597,0,0,0.0556355403462011,0.467051221025468,0,0.15263560245337,0,0.546776674598595,0,0,0,"TRUE",1017
1,1,0,1,1,1,1,1,1,1,0,0,5,0.754208561399596,0,0,0.0556355403462004,0.467051221025468,0,0.15263560245337,0,0.546776674598594,0,0,0,"TRUE",1019
1,1,0,1,0,0,0,0,0,0,1,0,2,0.269028295678878,0,0,0.593930103058899,0,0,0,0,0,0,0,0,"TRUE",1035
1,0,1,1,0,0,0,0,0,0,1,0,3,0.269028295678878,0,0.193930045363787,0.427886863400536,0,0,0,0,0,0,0,0,"TRUE",1037
1,0,0,0,1,0,0,0,0,0,1,0,2,0.362233577550044,0,0,0,0.622141844876497,0,0,0,0,0,0,0,"TRUE",1041
0,0,1,0,1,0,0,0,0,0,1,0,1,0,0,0.659424285871842,0,0,0,0,0,0,0,0,0,"TRUE",1044
1,0,1,0,1,0,0,0,0,0,1,0,2,0.269028306895034,0,0.578778051869951,0,7.04097243250092e-08,0,0,0,0,0,0,0,"TRUE",1045
0,0,0,1,1,0,0,0,0,0,1,0,2,0,0,0,0.455610365981246,0.313484039386861,0,0,0,0,0,0,0,"TRUE",1048
1,0,0,1,1,0,0,0,0,0,1,0,3,0.318037733340556,0,0,0.364376436020597,0.327136202488417,0,0,0,0,0,0,0,"TRUE",1049
0,1,0,0,0,1,0,0,0,0,1,0,2,0,0.538479603407673,0,0,0,0.297225572979494,0,0,0,0,0,0,"TRUE",1058
1,0,1,1,0,1,0,0,0,0,1,0,4,0.352095290900256,0,0.144333752555709,0.399199767405009,0,0.167345307651026,0,0,0,0,0,0,"TRUE",1069
1,0,0,0,1,1,0,0,0,0,1,0,2,0.362233577550044,0,0,0,0.622141844876495,0,0,0,0,0,0,0,"TRUE",1073
0,1,0,0,1,1,0,0,0,0,1,0,2,0,0.308367146866044,0,0,0.452464634476259,0,0,0,0,0,0,0,"TRUE",1074
1,1,0,0,1,1,0,0,0,0,1,0,3,0.34081041388451,0.188560170317187,0,0,0.479143011565854,0,0,0,0,0,0,0,"TRUE",1075
0,0,1,1,1,1,0,0,0,0,1,0,4,0,0,0.17675446294317,0.363873962755268,0.140213796402845,0.186170834133625,0,0,0,0,0,0,"TRUE",1084
0,1,0,1,0,0,1,0,0,0,1,0,2,0,0,0,0.599505650674255,0,0,0.372569325919157,0,0,0,0,0,"TRUE",1098
1,0,1,0,1,0,1,0,0,0,1,0,3,0.364280835389008,0,0,0,0.635807216015362,0,0.237947705248012,0,0,0,0,0,"TRUE",1109
0,0,0,1,1,0,1,0,0,0,1,0,3,0,0,0,0.293678802008271,0.468757436571418,0,0.343689391033624,0,0,0,0,0,"TRUE",1112
0,1,0,1,1,0,1,0,0,0,1,0,3,0,0,0,0.293678802008271,0.468757436571418,0,0.343689391033624,0,0,0,0,0,"TRUE",1114
0,0,1,1,1,0,1,0,0,0,1,0,3,0,0,0,0.293678802008271,0.468757436571418,0,0.343689391033624,0,0,0,0,0,"TRUE",1116
1,0,0,0,0,1,1,0,0,0,1,0,3,0.316635212877441,0,0,0,0,0.0959080581123547,0.290365402929696,0,0,0,0,0,"TRUE",1121
0,0,1,0,0,1,1,0,0,0,1,0,3,0,0,0.346922611314121,0,0,0.190747265090754,0.365812338333052,0,0,0,0,0,"TRUE",1124
0,0,1,0,1,1,1,0,0,0,1,0,2,0,0,0,0,0.712265629350721,0,0.322606043145421,0,0,0,0,0,"TRUE",1140
1,1,0,1,1,1,1,0,0,0,1,0,4,0.335851588538069,0,0,0.236058144339668,0.44604303388734,0,0.261501353083417,0,0,0,0,0,"TRUE",1147
1,1,0,0,0,0,0,1,0,0,1,0,3,0.302461553480813,0.558213134884763,0,0,0,0,0,1.96357448483256e-06,0,0,0.0317116830693755,0,"TRUE",1155
1,1,0,1,0,0,0,1,0,0,1,0,2,0.269028295678878,0,0,0.593930041489497,0,0,0,3.01536018947018e-07,0,0,0,0,"TRUE",1163
0,0,1,1,0,0,0,1,0,0,1,0,3,0,0,0.240236933270377,0.4206785766097,0,0,0,0.185161547666534,0,0,0,0,"TRUE",1164
1,1,1,1,0,0,0,1,0,0,1,0,3,0.269028295678878,0,0.193929974449936,0.427886863393165,0,0,0,3.03240056510804e-07,0,0,0,0,"TRUE",1167
0,1,0,1,1,0,0,1,0,0,1,0,3,0,0,0,0.395347314264763,0.357604326804912,0,0,0.154864316308989,0,0,0,0,"TRUE",1178
1,1,0,0,0,1,0,1,0,0,1,0,3,0.352095290900259,0.484698872731937,0,0,0,0.167345307651027,0,0,0,0,0,0,"TRUE",1187
0,1,1,1,0,1,0,1,0,0,1,0,4,0,0,0.193952736594431,0.369272499210011,0,0.306606495780453,0,0.185161547666534,0,0,0,0,"TRUE",1198
1,0,1,0,1,1,0,1,0,0,1,0,4,0.348159562460398,0,0.495170225596861,0,0.0191056582642735,0.153652951455218,0,0,0,0,0,0,"TRUE",1205
0,0,0,1,0,0,1,1,0,0,1,0,2,0,0,0,0.599505650674255,0,0,0.372569325919158,0,0,0,0,0,"TRUE",1224
1,1,0,1,0,0,1,1,0,0,1,0,3,0.269028295678878,0,0,0.541478805374551,0,0,0.305612987963595,0,0,0,0,0,"TRUE",1227
1,1,0,0,1,0,1,1,0,0,1,0,3,0.364280835389008,0,0,0,0.635807216015361,0,0.237947705248012,0,0,0,0,0,"TRUE",1235
1,0,1,0,1,0,1,1,0,0,1,0,3,0.364280835389008,0,0,0,0.635807216015362,0,0.237947705248012,0,0,0,0,0,"TRUE",1237
0,1,1,1,1,0,1,1,0,0,1,0,3,0,0,0,0.293678802008271,0.468757436571418,0,0.343689391033624,0,0,0,0,0,"TRUE",1246
1,0,1,1,0,1,1,1,0,0,1,0,4,0.313934362757649,0,0,0.501835452974002,0,0.0904669729616067,0.312481356334604,0,0,0,0,0,"TRUE",1261
1,1,0,1,1,1,1,1,0,0,1,0,4,0.335851588538069,0,0,0.236058144339668,0.44604303388734,0,0.261501353083417,0,0,0,0,0,"TRUE",1275
0,1,1,1,1,1,1,1,0,0,1,0,3,0,0,0,0.293678802008271,0.468757436571418,0,0.343689391033624,0,0,0,0,0,"TRUE",1278
0,0,0,0,0,0,0,0,1,0,1,0,2,0,0,0,0,0,0,0,0,0.1030465506962,0,0.195938714205753,0,"TRUE",1280
1,0,1,0,0,0,0,0,1,0,1,0,3,0.681564758125195,0,0.353974870123193,0,0,0,0,0,0.543256421806113,0,0,0,"TRUE",1285
1,0,0,0,1,0,0,0,1,0,1,0,3,0.719509517379294,0,0,0,0.515327634166499,0,0,0,0.491558381165939,0,0,0,"TRUE",1297
1,1,1,0,0,1,0,0,1,0,1,0,3,0.681564758127979,1.328432495178e-10,0.353974870024016,0,0,0,0,0,0.543256421809658,0,0,0,"TRUE",1319
0,0,0,0,1,1,0,0,1,0,1,0,2,0,0,0,0,0.654784114446456,0,0,0,0.513974030419344,0,0,0,"TRUE",1328
1,0,0,0,1,1,0,0,1,0,1,0,3,0.719509517379294,0,0,0,0.515327634166499,0,0,0,0.491558381165939,0,0,0,"TRUE",1329
0,0,0,1,1,1,0,0,1,0,1,0,3,0,0,0,0.296007405232136,0.388115804125127,0,0,0,0.781240012617164,0,0,0,"TRUE",1336
1,1,0,1,1,1,0,0,1,0,1,0,4,0.777977269266948,0,0,0.111768694679855,0.403304702078509,0,0,0,0.590653165531019,0,0,0,"TRUE",1339
0,0,1,1,1,1,0,0,1,0,1,0,3,0,0,0,0.296007405231844,0.388115804121788,0,0,0,0.78124001261761,0,0,0,"TRUE",1340
0,1,1,1,1,1,0,0,1,0,1,0,3,0,0,0,0.296007405231836,0.388115804121694,0,0,0,0.781240012617623,0,0,0,"TRUE",1342
0,1,0,0,0,0,1,0,1,0,1,0,3,0,0.45591559524274,0,0,0,0,0.186616506065774,0,0.494480083994745,0,0,0,"TRUE",1346
1,1,1,1,0,0,1,0,1,0,1,0,4,0.789044319253964,0,0,0.333530348683293,0,0,0.171869611935017,0,0.684792909150441,0,0,0,"TRUE",1359
0,1,1,0,1,0,1,0,1,0,1,0,3,0,0,0,0,0.672968782474366,0,0.323870632593137,0,0.526844804721961,0,0,0,"TRUE",1366
1,0,0,1,1,0,1,0,1,0,1,0,5,0.754208561399583,0,0,0.0556355403461751,0.467051221025496,0,0.152635602453371,0,0.546776674598573,0,0,0,"TRUE",1369
1,1,0,1,0,1,1,0,1,0,1,0,4,0.789044319253964,0,0,0.333530348683293,0,0,0.171869611935016,0,0.684792909150441,0,0,0,"TRUE",1387
1,0,1,1,0,1,1,0,1,0,1,0,4,0.789044319253964,0,0,0.333530348683293,0,0,0.171869611935017,0,0.684792909150441,0,0,0,"TRUE",1389
1,0,1,0,1,1,1,0,1,0,1,0,4,0.725201214065991,0,0,0,0.522942247997359,0,0.155264608775062,0,0.497551351688232,0,0,0,"TRUE",1397
1,1,1,1,1,1,1,0,1,0,1,0,5,0.754208561399593,0,0,0.0556355403461945,0.467051221025475,0,0.152635602453371,0,0.546776674598589,0,0,0,"TRUE",1407
0,0,1,0,0,0,0,1,1,0,1,0,2,0,0,0.535934623446373,0,0,0,0,0,0.663317991239174,0,0,0,"TRUE",1412
0,1,0,0,1,0,0,1,1,0,1,0,3,0,0.17197533205186,0,0,0.516786150073083,0,0,0,0.564074661056391,0,0,0,"TRUE",1426
0,0,1,0,0,1,0,1,1,0,1,0,2,0,0,0.535934623446373,0,0,0,0,0,0.663317991239174,0,0,0,"TRUE",1444
0,1,1,0,1,1,0,1,1,0,1,0,3,0,0,0.434768324526321,0,0.147087353840353,0,0,0,0.647655886463865,0,0,0,"TRUE",1462
1,0,0,1,1,1,0,1,1,0,1,0,4,0.777977269266948,0,0,0.111768694679855,0.40330470207851,0,0,0,0.590653165531019,0,0,0,"TRUE",1465
1,0,0,0,0,0,1,1,1,0,1,0,3,0.418880527168264,0,0,0,0,0,0.245350582858336,0,0.197335737539027,0,0,0,"TRUE",1473
1,1,0,0,0,0,1,1,1,0,1,0,4,0.619995116997151,0.350268050672631,0,0,0,0,0.0751666254709726,0,0.462177278564418,0,0,0,"TRUE",1475
1,1,0,1,0,0,1,1,1,0,1,0,4,0.789044319253964,0,0,0.333530348683293,0,0,0.171869611935016,0,0.684792909150441,0,0,0,"TRUE",1483
1,0,1,1,1,0,1,1,1,0,1,0,5,0.754208561399589,0,0,0.0556355403461864,0.467051221025484,0,0.152635602453371,0,0.546776674598582,0,0,0,"TRUE",1501
0,1,0,1,1,1,1,1,1,0,1,0,4,0,0,0,0.160163857866946,0.529344894883802,0,0.335717120260958,0,0.671928021908426,0,0,0,"TRUE",1530
1,0,0,0,0,0,0,0,0,1,1,0,2,0.398310815226056,0,0,0,0,0,0,0,0,0,0.122625404476352,0,"TRUE",1537
0,0,0,1,0,0,0,0,0,1,1,0,2,0,0,0,0.654910096855906,0,0,0,0,0,0.12262888626525,0,0,"TRUE",1544
1,1,0,0,1,0,0,0,0,1,1,0,3,0.340810413884511,0.188560170317187,0,0,0.479143011565853,0,0,0,0,0,0,0,"TRUE",1555
1,0,1,0,1,0,0,0,0,1,1,0,2,0.269028307037059,0,0.578778051177204,0,7.13012924038739e-08,0,0,0,0,0,0,0,"TRUE",1557
0,0,0,1,1,0,0,0,0,1,1,0,3,0,0,0,0.444681000140462,0.317090451855879,0,0,0,0,0.12262888626525,0,0,"TRUE",1560
0,0,1,1,1,0,0,0,0,1,1,0,3,0,0,0.226771391609437,0.406333628228339,0.0949521850279254,0,0,0,0,1.42824364963528e-07,0,0,"TRUE",1564
1,1,1,1,1,0,0,0,0,1,1,0,4,0.311638591845862,0,0.0440030377024529,0.356666926331673,0.284430739994005,0,0,0,0,0,0,0,"TRUE",1567
1,1,0,1,0,1,0,0,0,1,1,0,3,0.352095290900258,0,0,0.522778575534089,0,0.167345307651026,0,0,0,0,0,0,"TRUE",1579
1,1,0,0,1,1,0,0,0,1,1,0,3,0.340810413884511,0.188560170317187,0,0,0.479143011565853,0,0,0,0,0,0,0,"TRUE",1587
1,0,1,1,0,0,1,0,0,1,1,0,3,0.269028295678878,0,0,0.541478805374551,0,0,0.305612987963595,0,0,0,0,0,"TRUE",1613
0,0,0,1,1,0,1,0,0,1,1,0,3,0,0,0,0.292382436263209,0.469829943871832,0,0.345863557848631,0,0,0.00304392415605906,0,0,"TRUE",1624
1,0,0,0,1,1,1,0,0,1,1,0,3,0.36428083538901,0,0,0,0.635807216015361,0,0.237947705248012,0,0,0,0,0,"TRUE",1649
0,1,1,1,1,1,1,0,0,1,1,0,3,0,0,0,0.292382693721817,0.469829727237258,0,0.345863152041413,0,0,0.00304335958972852,0,0,"TRUE",1662
1,1,1,1,1,1,1,0,0,1,1,0,4,0.335851588538069,0,0,0.236058144339668,0.44604303388734,0,0.261501353083417,0,0,0,0,0,"TRUE",1663
0,1,0,0,0,0,0,1,0,1,1,0,4,0,0.568699221817528,0,0,0,0,0,0.247506942935689,0,0.12262888626525,0.0770177914357801,0,"TRUE",1666
0,0,1,0,0,0,0,1,0,1,1,0,2,0,0,0.618601749885805,0,0,0,0,0.185161547666534,0,0,0,0,"TRUE",1668
0,0,1,1,0,0,0,1,0,1,1,0,3,0,0,0.240236933274322,0.420678576605743,0,0,0,0.185161547666534,0,0,0,0,"TRUE",1676
0,1,1,1,0,0,0,1,0,1,1,0,3,0,0,0.24023693327438,0.420678576605685,0,0,0,0.185161547666534,0,0,0,0,"TRUE",1678
1,1,1,1,0,0,0,1,0,1,1,0,3,0.269028295678878,0,0.193929986834372,0.42788686339417,0,0,0,2.50283375721851e-07,0,0,0,0,"TRUE",1679
0,1,0,0,1,0,0,1,0,1,1,0,4,0,0.224543214972026,0,0,0.506794895939403,0,0,0.142224477105093,0,0.12262888626525,0,0,"TRUE",1682
0,0,1,0,1,0,0,1,0,1,1,0,2,0,0,0.618601713297506,0,5.18126005815238e-08,0,0,0.185161542980388,0,0,0,0,"TRUE",1684
0,1,0,1,1,0,0,1,0,1,1,0,4,0,0,0,0.384534044405543,0.36112574211682,0,0,0.154565972227517,0,0.12262888626525,0,0,"TRUE",1690
1,1,1,1,1,0,0,1,0,1,1,0,4,0.311641503867239,0,0.043984229476763,0.356669618100293,0.284449888418878,0,0,0,0,0,0,0,"TRUE",1695
0,0,1,1,0,1,0,1,0,1,1,0,4,0,0,0.196314777453,0.366646303294166,0,0.306606495780453,0,0.185161547666534,0,0.00867204993991313,0,0,"TRUE",1708
1,0,1,1,0,1,0,1,0,1,1,0,4,0.352095290900259,0,0.144333752555695,0.39919976740502,0,0.167345307651027,0,0,0,0,0,0,"TRUE",1709
1,1,1,1,0,1,0,1,0,1,1,0,4,0.352095290900259,0,0.144333752556169,0.399199767404587,0,0.167345307651027,0,0,0,0,0,0,"TRUE",1711
1,0,0,0,1,1,0,1,0,1,1,0,2,0.362233577550044,0,0,0,0.622141844876495,0,0,0,0,0,0,0,"TRUE",1713
0,1,0,1,0,0,1,1,0,1,1,0,2,0,0,0,0.599505288663124,0,0,0.372570672105701,0,0,1.80308994356267e-06,0,0,"TRUE",1738
0,0,1,1,0,0,1,1,0,1,1,0,2,0,0,0,0.59950532391615,0,0,0.372570541013089,0,0,1.62750459205469e-06,0,0,"TRUE",1740
0,1,1,1,0,0,1,1,0,1,1,0,2,0,0,0,0.599505319307153,0,0,0.372570558152201,0,0,1.65046071734232e-06,0,0,"TRUE",1742
1,1,1,1,0,0,1,1,0,1,1,0,3,0.269028295678878,0,0,0.541478805374551,0,0,0.305612987963595,0,0,0,0,0,"TRUE",1743
1,0,0,1,0,1,1,1,0,1,1,0,4,0.313934362757649,0,0,0.501835452974002,0,0.0904669729616067,0.312481356334604,0,0,0,0,0,"TRUE",1769
1,1,1,1,0,1,1,1,0,1,1,0,4,0.313934362757649,0,0,0.501835452974002,0,0.0904669729616067,0.312481356334604,0,0,0,0,0,"TRUE",1775
1,1,0,0,0,0,0,0,1,1,1,0,3,0.640897248548447,0.387453969778067,0,0,0,0,0,0,0.489702644752272,0,0,0,"TRUE",1795
1,0,0,1,0,0,0,0,1,1,1,0,3,0.810092396239883,0,0,0.353681770766745,0,0,0,0,0.712510466336691,0,0,0,"TRUE",1801
1,0,0,0,1,1,0,0,1,1,1,0,3,0.719509517379293,0,0,0,0.515327634166497,0,0,0,0.491558381165937,0,0,0,"TRUE",1841
1,0,1,0,1,1,0,0,1,1,1,0,3,0.719509538522685,0,5.61145082702181e-07,0,0.515326952966642,0,0,0,0.491558542921004,0,0,0,"TRUE",1845
1,0,0,1,1,1,0,0,1,1,1,0,4,0.777977269266948,0,0,0.111768694679855,0.40330470207851,0,0,0,0.590653165531019,0,0,0,"TRUE",1849
0,0,0,0,0,0,1,0,1,1,1,0,3,0,0,0,0,0,0,0.351292191617042,0,0.163219207233644,0.00140921441732736,0.0153026294762516,0,"TRUE",1856
1,0,0,1,0,0,1,0,1,1,1,0,4,0.789044319253964,0,0,0.333530348683293,0,0,0.171869611935018,0,0.684792909150441,0,0,0,"TRUE",1865
1,1,0,0,1,0,1,0,1,1,1,0,4,0.725201214065991,0,0,0,0.522942247997358,0,0.155264608775061,0,0.497551351688232,0,0,0,"TRUE",1875
0,0,1,1,1,0,1,0,1,1,1,0,4,0,0,0,0.158321333011819,0.531011467358892,0,0.339471611330462,0,0.670008351403388,0.00522481739833072,0,0,"TRUE",1884
1,0,1,1,1,0,1,0,1,1,1,0,5,0.754208561399583,0,0,0.0556355403461741,0.467051221025497,0,0.152635602453371,0,0.546776674598572,0,0,0,"TRUE",1885
1,1,1,1,1,0,1,0,1,1,1,0,5,0.75420856139958,0,0,0.0556355403461688,0.467051221025503,0,0.152635602453372,0,0.546776674598567,0,0,0,"TRUE",1887
0,1,0,1,0,1,1,0,1,1,1,0,3,0,0,0,0.482579407052662,0,0,0.367304848200067,0,0.835910604478446,1.30030481971847e-05,0,0,"TRUE",1898
1,0,1,1,0,1,1,0,1,1,1,0,4,0.789044319253964,0,0,0.333530348683293,0,0,0.171869611935017,0,0.684792909150441,0,0,0,"TRUE",1901
0,1,0,0,1,1,1,0,1,1,1,0,3,0,0,0,0,0.672991912388746,0,0.330158718195937,0,0.52643973520465,0.00844413723242617,0,0,"TRUE",1906
1,0,0,1,1,1,1,0,1,1,1,0,5,0.754208561399575,0,0,0.0556355403461583,0.467051221025514,0,0.152635602453372,0,0.546776674598558,0,0,0,"TRUE",1913
1,0,0,1,0,0,0,1,1,1,1,0,3,0.810092396239883,0,0,0.353681770766745,0,0,0,0,0.712510466336691,0,0,0,"TRUE",1929
1,0,1,1,0,0,0,1,1,1,1,0,3,0.810092396239882,0,0,0.353681770766742,0,0,0,0,0.712510466336691,0,0,0,"TRUE",1933
1,1,0,0,1,0,0,1,1,1,1,0,3,0.719509517397464,2.37721227225717e-10,0,0,0.515327633961087,0,0,0,0.491558381229697,0,0,0,"TRUE",1939
1,0,1,0,1,0,0,1,1,1,1,0,3,0.719509537177642,0,5.25447499850114e-07,0,0.515326996301594,0,0,0,0.491558532630864,0,0,0,"TRUE",1941
0,0,1,1,1,0,0,1,1,1,1,0,4,0,0,3.94176660073665e-09,0.288420642182972,0.390159181201369,0,0,0,0.764878315765831,0.122628883701604,0,0,"TRUE",1948
0,1,1,1,1,0,0,1,1,1,1,0,4,0,0,4.04795663731404e-09,0.28842064217085,0.390159181083602,0,0,0,0.764878315789166,0.122628883632541,0,0,"TRUE",1950
1,1,1,1,1,0,0,1,1,1,1,0,4,0.777977269266948,0,0,0.111768694679855,0.403304702078509,0,0,0,0.590653165531019,0,0,0,"TRUE",1951
0,1,0,0,0,1,0,1,1,1,1,0,3,0,0.559551039973254,0,0,0,0,0,0.00296273487546784,0.560436878616233,0.12262888626525,8.88758104316288e-05,0,"TRUE",1954
1,1,0,0,0,1,0,1,1,1,1,0,3,0.640897248548447,0.387453969778067,0,0,0,0,0,0,0.489702644752272,0,0,0,"TRUE",1955
0,1,1,0,0,1,0,1,1,1,1,0,2,0,0,0.535934623446373,0,0,0,0,0,0.663317991239174,0,0,0,"TRUE",1958
1,0,0,1,0,1,0,1,1,1,1,0,3,0.810092396239883,0,0,0.353681770766745,0,0,0,0,0.712510466336691,0,0,0,"TRUE",1961
1,0,0,1,1,1,0,1,1,1,1,0,4,0.777977269266948,0,0,0.111768694679855,0.403304702078509,0,0,0,0.590653165531019,0,0,0,"TRUE",1977
0,0,1,1,1,1,0,1,1,1,1,0,4,0,0,4.04465727987691e-09,0.288420642171227,0.390159181087261,0,0,0,0.764878315788441,0.122628883634686,0,0,"TRUE",1980
0,0,0,0,1,0,1,1,1,1,1,0,3,0,0,0,0,0.672991912387571,0,0.330158717976908,0,0.526439735218235,0.00844413694659311,0,0,"TRUE",2000
1,0,0,0,1,0,1,1,1,1,1,0,4,0.725201214065993,0,0,0,0.522942247997361,0,0.155264608775061,0,0.497551351688233,0,0,0,"TRUE",2001
0,1,0,0,1,0,1,1,1,1,1,0,3,0,0,0,0,0.672991912388748,0,0.330158718196392,0,0.526439735204622,0.00844413723301913,0,0,"TRUE",2002
1,1,0,0,1,0,1,1,1,1,1,0,4,0.725201214065991,0,0,0,0.522942247997358,0,0.155264608775061,0,0.497551351688232,0,0,0,"TRUE",2003
0,0,1,1,1,0,1,1,1,1,1,0,4,0,0,0,0.158321331994049,0.531011468301816,0,0.33947161311512,0,0.670008350371114,0.00522481985669414,0,0,"TRUE",2012
0,0,0,0,0,1,1,1,1,1,1,0,3,0,0,0,0,0,2.18886033098266e-10,0.351307776645353,0,0.163222583312101,0.00143626643610107,0.0152875765042281,0,"TRUE",2016
1,0,1,0,1,1,1,1,1,1,1,0,4,0.725201214065991,0,0,0,0.522942247997359,0,0.155264608775062,0,0.497551351688232,0,0,0,"TRUE",2037
1,0,0,1,1,1,1,1,1,1,1,0,5,0.754208561399572,0,0,0.0556355403461521,0.467051221025521,0,0.152635602453372,0,0.546776674598553,0,0,0,"TRUE",2041
1,1,0,1,0,0,0,0,0,0,0,1,3,0.269028295678878,0,0,0.537574563423303,0,0,0,0,0,0,0,0.15327592553345,"TRUE",2059
1,1,1,1,0,0,0,0,0,0,0,1,4,0.269028295678878,0,0.191384585463845,0.373710750925971,0,0,0,0,0,0,0,0.15327592553345,"TRUE",2063
0,0,1,0,1,0,0,0,0,0,0,1,2,0,0,0.531635853829262,0,0,0,0,0,0,0,0,0.382017050024128,"TRUE",2068
0,1,0,1,1,0,0,0,0,0,0,1,3,0,0,0,0.314769136781805,0.314062588460661,0,0,0,0,0,0,0.382017050024129,"TRUE",2074
1,1,1,1,0,1,0,0,0,0,0,1,4,0.352095290900256,0,0.144333752559117,0.399199767401886,0,0.167345307651026,0,0,0,0,0,0,"TRUE",2095
1,1,0,0,1,1,0,0,0,0,0,1,4,0.339973668030692,0.159519210714864,0,0,0.473557763619221,0,0,0,0,0,0,0.0929546711902478,"TRUE",2099
1,0,1,0,0,0,1,0,0,0,0,1,3,0.269028295678878,0,0.399346242924247,0,0,0,0.257463001701322,0,0,0,0,0,"TRUE",2117
0,1,1,0,0,0,1,0,0,0,0,1,2,0,0,0.436698767491921,0,0,0,0.319583150281791,0,0,0,0,2.02562807083014e-06,"TRUE",2118
1,1,1,0,0,0,1,0,0,0,0,1,3,0.269028295678878,0,0.399346242924114,0,0,0,0.257463001701225,0,0,0,0,0,"TRUE",2119
0,0,1,1,0,0,1,0,0,0,0,1,2,0,0,0,0.599505650674255,0,0,0.372569325919158,0,0,0,0,0,"TRUE",2124
0,0,0,1,0,1,1,0,0,0,0,1,3,0,0,0,0.540422489940797,0,0.178421678657301,0.408157597982165,0,0,0,0,0,"TRUE",2152
0,1,0,1,0,1,1,0,0,0,0,1,3,0,0,0,0.540422489940797,0,0.178421678657301,0.408157597982165,0,0,0,0,0,"TRUE",2154
0,0,0,1,1,1,1,0,0,0,0,1,3,0,0,0,0.293678802008254,0.468757436571423,0,0.34368939103363,0,0,0,0,0,"TRUE",2168
0,1,0,1,1,1,1,0,0,0,0,1,3,0,0,0,0.293678802008253,0.468757436571424,0,0.34368939103363,0,0,0,0,0,"TRUE",2170
1,1,1,1,0,1,0,1,0,0,0,1,4,0.352095290900256,0,0.144333752558623,0.399199767402339,0,0.167345307651026,0,0,0,0,0,0,"TRUE",2223
0,0,1,1,0,0,1,1,0,0,0,1,2,0,0,0,0.599505650674255,0,0,0.372569325919158,0,0,0,0,0,"TRUE",2252
1,0,1,0,1,0,1,1,0,0,0,1,3,0.364280835389008,0,0,0,0.635807216015362,0,0.237947705248012,0,0,0,0,0,"TRUE",2261
0,1,0,0,0,1,1,1,0,0,0,1,3,0,0.406871875366825,0,0,0,0.223954666324563,0.251726405374788,0,0,0,0,0,"TRUE",2274
1,0,0,1,0,1,1,1,0,0,0,1,4,0.313934362757649,0,0,0.501835452974002,0,0.0904669729616067,0.312481356334604,0,0,0,0,0,"TRUE",2281
0,1,0,1,0,1,1,1,0,0,0,1,3,0,0,0,0.540422489940797,0,0.178421678657301,0.408157597982165,0,0,0,0,0,"TRUE",2282
0,0,0,0,1,1,1,1,0,0,0,1,2,0,0,0,0,0.712265577990006,0,0.322606076659684,0,0,0,0,1.70451067786006e-07,"TRUE",2288
0,0,0,1,1,1,1,1,0,0,0,1,3,0,0,0,0.293678802008255,0.468757436571423,0,0.343689391033629,0,0,0,0,0,"TRUE",2296
0,0,1,1,1,1,1,1,0,0,0,1,3,0,0,0,0.293678802008256,0.468757436571423,0,0.343689391033629,0,0,0,0,0,"TRUE",2300
0,1,1,0,0,0,0,0,1,0,0,1,2,0,0,0.535934623446373,0,0,0,0,0,0.663317991239174,0,0,0,"TRUE",2310
0,1,0,1,1,0,0,0,1,0,0,1,3,0,0,0,0.296007405232136,0.388115804125127,0,0,0,0.781240012617164,0,0,0,"TRUE",2330
0,0,1,1,1,0,0,0,1,0,0,1,3,0,0,0,0.296007405231798,0.388115804121267,0,0,0,0.78124001261768,0,0,0,"TRUE",2332
1,0,1,1,1,0,0,0,1,0,0,1,4,0.777977269266948,0,0,0.111768694679855,0.403304702078509,0,0,0,0.590653165531019,0,0,0,"TRUE",2333
1,0,0,1,0,1,0,0,1,0,0,1,3,0.810092396239883,0,0,0.353681770766746,0,0,0,0,0.712510466336693,0,0,0,"TRUE",2345
0,1,1,0,1,1,0,0,1,0,0,1,3,0,0,0.434768326573935,0,0.147087350970631,0,0,0,0.647655886842151,0,0,0,"TRUE",2358
0,1,1,0,0,0,1,0,1,0,0,1,3,0,4.42423850401089e-06,0.342253168709097,0,0,0,0.325192218119338,0,0.486298984053563,0,0,0,"TRUE",2374
1,1,0,1,0,0,1,0,1,0,0,1,4,0.789044319253964,0,0,0.333530348683293,0,0,0.171869611935016,0,0.684792909150441,0,0,0,"TRUE",2379
1,1,1,1,0,0,1,0,1,0,0,1,4,0.789044319253964,0,0,0.333530348683293,0,0,0.171869611935017,0,0.684792909150441,0,0,0,"TRUE",2383
0,0,1,0,1,0,1,0,1,0,0,1,3,0,0,0,0,0.672968782474366,0,0.323870632593137,0,0.526844804721961,0,0,0,"TRUE",2388
1,1,1,0,1,0,1,0,1,0,0,1,4,0.725201214065991,0,0,0,0.522942247997359,0,0.155264608775061,0,0.497551351688232,0,0,0,"TRUE",2391
0,0,0,1,1,0,1,0,1,0,0,1,4,0,0,0,0.160163857866946,0.529344894883802,0,0.335717120260957,0,0.671928021908426,0,0,0,"TRUE",2392
0,0,1,1,1,0,1,0,1,0,0,1,4,0,0,0,0.160163857866946,0.529344894883802,0,0.335717120260957,0,0.671928021908426,0,0,0,"TRUE",2396
0,1,0,0,0,1,1,0,1,0,0,1,3,0,0.45591559524274,0,0,0,0,0.186616506065774,0,0.494480083994745,0,0,0,"TRUE",2402
0,1,1,0,0,1,1,0,1,0,0,1,3,0,4.43276309482472e-06,0.342253164268856,0,0,0,0.325192215357849,0,0.486298986043226,0,0,0,"TRUE",2406
0,0,0,0,1,1,1,0,1,0,0,1,3,0,0,0,0,0.672968782474368,0,0.323870632593138,0,0.526844804721963,0,0,0,"TRUE",2416
0,0,1,1,1,1,1,0,1,0,0,1,4,0,0,0,0.160163857866946,0.529344894883802,0,0.335717120260958,0,0.671928021908426,0,0,0,"TRUE",2428
0,0,1,0,0,0,0,1,1,0,0,1,2,0,0,0.535934623446373,0,0,0,0,0,0.663317991239174,0,0,0,"TRUE",2436
0,0,0,0,1,0,0,1,1,0,0,1,2,0,0,0,0,0.654784114446454,0,0,0,0.513974030419343,0,0,0,"TRUE",2448
1,1,1,1,1,1,0,1,1,0,0,1,4,0.777977269266948,0,0,0.111768694679855,0.403304702078509,0,0,0,0.59065316553102,0,0,0,"TRUE",2495
0,0,0,0,1,0,1,1,1,0,0,1,3,0,0,0,0,0.672968782474368,0,0.323870632593138,0,0.526844804721963,0,0,0,"TRUE",2512
0,1,0,0,1,0,1,1,1,0,0,1,3,0,0,0,0,0.672968782474366,0,0.323870632593137,0,0.526844804721961,0,0,0,"TRUE",2514
1,1,0,1,1,0,1,1,1,0,0,1,5,0.754208561399611,0,0,0.0556355403462295,0.467051221025437,0,0.152635602453369,0,0.546776674598619,0,0,0,"TRUE",2523
0,1,0,0,0,1,1,1,1,0,0,1,3,0,0.45591559524274,0,0,0,0,0.186616506065774,0,0.494480083994745,0,0,0,"TRUE",2530
1,1,0,0,0,1,1,1,1,0,0,1,4,0.619995116997151,0.350268050672631,0,0,0,0,0.0751666254709726,0,0.462177278564418,0,0,0,"TRUE",2531
1,1,1,0,0,1,1,1,1,0,0,1,4,0.614904899691257,5.12218875483572e-05,0.262840453608193,0,0,0,0.182837124676539,0,0.455473994355574,0,0,0,"TRUE",2535
1,1,1,1,0,1,1,1,1,0,0,1,4,0.789044319253964,0,0,0.333530348683293,0,0,0.171869611935017,0,0.684792909150441,0,0,0,"TRUE",2543
0,1,0,1,1,1,1,1,1,0,0,1,4,0,0,0,0.160163857866946,0.529344894883802,0,0.335717120260958,0,0.671928021908426,0,0,0,"TRUE",2554
1,1,0,1,1,1,1,1,1,0,0,1,5,0.754208561399608,0,0,0.0556355403462244,0.467051221025442,0,0.152635602453369,0,0.546776674598615,0,0,0,"TRUE",2555
0,0,0,0,0,0,0,0,0,1,0,1,1,0,0,0,0,0,0,0,0,0,0,0,0.382017050024129,"TRUE",2560
0,1,0,0,0,0,0,0,0,1,0,1,2,0,0.513173850066241,0,0,0,0,0,0,0,0,0,0.382017050024129,"TRUE",2562
0,0,1,0,0,0,0,0,0,1,0,1,2,0,0,0.531635853896196,0,0,0,0,0,0,0,0,0.382017050024129,"TRUE",2564
1,1,1,1,0,0,0,0,0,1,0,1,4,0.269028295678878,0,0.191384585463842,0.373710750925975,0,0,0,0,0,0,0,0.153275925533447,"TRUE",2575
0,0,0,1,1,0,0,0,0,1,0,1,3,0,0,0,0.314769136781805,0.314062588460661,0,0,0,0,0,0,0.382017050024129,"TRUE",2584
0,0,0,0,0,1,0,0,0,1,0,1,2,0,0,0,0,0,0.14491853961739,0,0,0,0,0,0.225629969044131,"TRUE",2592
0,1,1,0,0,1,0,0,0,1,0,1,3,0,0,0.540219166152244,0,0,0.14491853961739,0,0,0,0,0,0.225629969044131,"TRUE",2598
0,0,0,1,0,1,0,0,0,1,0,1,3,0,0,0,0.537462372518552,0,0.14491853961739,0,0,0,0,0,0.225629969044131,"TRUE",2600
1,0,0,1,0,1,0,0,0,1,0,1,3,0.352095290900258,0,0,0.522778575534089,0,0.167345307651026,0,0,0,0,0,0,"TRUE",2601
0,0,0,1,1,1,0,0,0,1,0,1,3,0,0,0,0.314769136781806,0.31406258846066,0,0,0,0,0,0,0.382017050024126,"TRUE",2616
0,1,0,1,1,1,0,0,0,1,0,1,3,0,0,0,0.314769136781806,0.31406258846066,0,0,0,0,0,0,0.382017050024126,"TRUE",2618
0,0,0,0,0,0,1,0,0,1,0,1,1,0,0,0,0,0,0,0.347402774701741,0,0,0.0025183199535149,0,0,"TRUE",2624
1,0,0,1,0,0,1,0,0,1,0,1,3,0.269028295678878,0,0,0.541478805374551,0,0,0.305612987963595,0,0,0,0,0,"TRUE",2633
1,0,1,1,0,0,1,0,0,1,0,1,3,0.269028295678878,0,0,0.541478805374551,0,0,0.305612987963595,0,0,0,0,0,"TRUE",2637
0,1,0,0,1,0,1,0,0,1,0,1,2,0,0,0,0,0.712258253207198,0,0.329153854090415,0,0,0.00879155941811655,0,2.44061050126781e-09,"TRUE",2642
0,0,0,0,0,1,1,0,0,1,0,1,2,0,0,0,0,0,0.185100432667101,0.385212354481993,0,0,1.10264627682347e-08,0,0,"TRUE",2656
1,0,1,0,0,1,1,0,0,1,0,1,4,0.319080277746696,0,0.344938235859657,0,0,0.10083384279593,0.27034395104531,0,0,0,0,0,"TRUE",2661
1,1,0,1,1,1,1,0,0,1,0,1,4,0.335851588538069,0,0,0.236058144339668,0.44604303388734,0,0.261501353083417,0,0,0,0,0,"TRUE",2683
0,1,1,1,1,1,1,0,0,1,0,1,3,0,0,0,0.292386032419597,0.469826918075828,0,0.345857888616355,0,0,0.00303603690647254,0,0,"TRUE",2686
0,0,0,0,0,0,0,1,0,1,0,1,1,0,0,0,0,0,0,0,0,0,0,0,0.382017050024126,"TRUE",2688
1,0,1,0,0,0,0,1,0,1,0,1,3,0.269028295678878,0,0.527505813411478,0,0,0,0,0,0,0,0,0.153275925533447,"TRUE",2693
1,0,0,1,0,0,0,1,0,1,0,1,3,0.269028295678878,0,0,0.537574563423307,0,0,0,0,0,0,0,0.153275925533447,"TRUE",2697
0,1,0,1,0,0,0,1,0,1,0,1,2,0,0,0,0.522990777950011,0,0,0,0,0,0,0,0.382017050024126,"TRUE",2698
1,0,0,0,1,0,0,1,0,1,0,1,3,0.358810006518177,0,0,0,0.599289633552522,0,0,0,0,0,0,0.076939087267963,"TRUE",2705
0,1,0,0,1,0,0,1,0,1,0,1,3,0,0.18780827308148,0,0,0.429780052104246,0,0,0,0,0,0,0.382017050024126,"TRUE",2706
1,1,1,0,1,0,0,1,0,1,0,1,3,0.269039091282664,0,0.527455592905324,0,7.00603026217214e-05,0,0,0,0,0,0,0.153266040180288,"TRUE",2711
1,1,0,1,1,0,0,1,0,1,0,1,4,0.318063214108182,0,0,0.32323056869075,0.32730628567966,0,0,0,0,0,0,0.111584019659668,"TRUE",2715
0,1,1,1,0,1,0,1,0,1,0,1,4,0,0,0.196313083744205,0.366648030768122,0,0.306606495780451,0,0.185161547666533,0,0.00866919845833965,0,0,"TRUE",2734
0,0,0,0,1,1,0,1,0,1,0,1,2,0,0,0,0,0.576394059436309,0,0,0,0,0,0,0.382017050024126,"TRUE",2736
1,1,0,1,1,1,0,1,0,1,0,1,4,0.318063214108185,0,0,0.323230568690746,0.327306285679665,0,0,0,0,0,0,0.111584019659665,"TRUE",2747
0,0,0,0,0,0,1,1,0,1,0,1,1,0,0,0,0,0,0,0.347403881373746,0,0,0.00251979389971244,0,0,"TRUE",2752
0,0,0,1,0,0,1,1,0,1,0,1,2,0,0,0,0.599505370602148,0,0,0.372570367405444,0,0,1.3949743574472e-06,0,0,"TRUE",2760
1,0,0,1,0,0,1,1,0,1,0,1,3,0.269028295678878,0,0,0.541478805374552,0,0,0.305612987963595,0,0,0,0,0,"TRUE",2761
1,0,0,1,1,0,1,1,0,1,0,1,4,0.335851588538069,0,0,0.236058144339668,0.44604303388734,0,0.261501353083417,0,0,0,0,0,"TRUE",2777
0,1,1,1,1,0,1,1,0,1,0,1,3,0,0,0,0.292391682950938,0.469822164318812,0,0.34584897655942,0,0,0.00302363763214587,0,0,"TRUE",2782
0,0,1,0,0,1,1,1,0,1,0,1,3,0,0,0.346922611314124,0,0,0.190747265090753,0.365812338333051,0,0,0,0,0,"TRUE",2788
1,0,0,1,0,1,1,1,0,1,0,1,4,0.313934362757646,0,0,0.501835452974005,0,0.0904669729616059,0.312481356334603,0,0,0,0,0,"TRUE",2793
0,1,0,0,0,0,0,0,1,1,0,1,3,0,0.560324801798446,0,0,0,0,0,0,0.560808602707598,0.122628886265249,0,0,"TRUE",2818
1,0,1,1,0,0,0,0,1,1,0,1,3,0.810092396239882,0,0,0.353681770766742,0,0,0,0,0.712510466336691,0,0,0,"TRUE",2829
0,0,0,0,1,0,0,0,1,1,0,1,3,0,0,0,0,0.64999270349582,0,0,0,0.50446244361779,0.122628886265249,0,0,"TRUE",2832
0,0,1,0,1,0,0,0,1,1,0,1,3,0,0,0.43476832838246,0,0.147087348435991,0,0,0,0.647655887176267,0,0,0,"TRUE",2836
0,1,0,0,0,1,0,0,1,1,0,1,3,0,0.560324801798446,0,0,0,0,0,0,0.560808602707598,0.122628886265249,0,0,"TRUE",2850
1,1,0,0,0,1,0,0,1,1,0,1,3,0.640897248548447,0.387453969778067,0,0,0,0,0,0,0.489702644752272,0,0,0,"TRUE",2851
0,0,1,0,0,1,0,0,1,1,0,1,2,0,0,0.535934623446375,0,0,0,0,0,0.663317991239175,0,0,0,"TRUE",2852
1,1,1,0,0,1,0,0,1,1,0,1,3,0.681564758128011,1.34367629823662e-10,0.353974870022878,0,0,0,0,0,0.543256421809699,0,0,0,"TRUE",2855
1,1,1,1,0,1,0,0,1,1,0,1,3,0.810092396239881,0,0,0.353681770766742,0,0,0,0,0.712510466336691,0,0,0,"TRUE",2863
1,1,1,0,1,1,0,0,1,1,0,1,3,0.719509537021097,1.39072965749676e-10,5.2101063632774e-07,0,0.515327001567538,0,0,0,0.491558531389201,0,0,0,"TRUE",2871
0,0,0,0,0,0,1,0,1,1,0,1,2,0,0,0,0,0,0,0.347414478889301,0,0.167930299246197,0.00253390773535881,0,0,"TRUE",2880
1,0,0,1,0,0,1,0,1,1,0,1,4,0.789044319253964,0,0,0.333530348683293,0,0,0.171869611935018,0,0.684792909150441,0,0,0,"TRUE",2889
0,1,0,1,0,0,1,0,1,1,0,1,3,0,0,0,0.482579407507471,0,0,0.367304846096883,0,0.835910605249262,1.30002264356182e-05,0,0,"TRUE",2890
1,0,1,1,0,0,1,0,1,1,0,1,4,0.789044319253964,0,0,0.333530348683293,0,0,0.171869611935017,0,0.684792909150441,0,0,0,"TRUE",2893
1,0,0,0,1,0,1,0,1,1,0,1,4,0.725201214065993,0,0,0,0.522942247997361,0,0.155264608775061,0,0.497551351688233,0,0,0,"TRUE",2897
0,0,0,1,1,0,1,0,1,1,0,1,4,0,0,0,0.15832132592512,0.531011473924444,0,0.339471623756977,0,0.670008344215699,0.00522483451583033,0,0,"TRUE",2904
0,1,1,1,1,0,1,0,1,1,0,1,4,0,0,0,0.158321337732957,0.531011462984942,0,0.339471603051945,0,0.670008356191806,0.00522480599469014,0,0,"TRUE",2910
1,1,1,1,1,0,1,0,1,1,0,1,5,0.754208561399609,0,0,0.0556355403462269,0.46705122102544,0,0.152635602453369,0,0.546776674598617,0,0,0,"TRUE",2911
0,0,1,0,0,1,1,0,1,1,0,1,3,0,0,0.342255473177365,0,0,0,0.325193651321926,0,0.486297951420365,0,0,0,"TRUE",2916
1,0,1,0,0,1,1,0,1,1,0,1,4,0.614895990392232,0,0.262868160149034,0,0,0,0.182855920721107,0,0.455462397515364,0,0,0,"TRUE",2917
0,1,0,1,1,1,1,0,1,1,0,1,4,0,0,0,0.158321321171828,0.531011478328185,0,0.339471632091858,0,0.670008339394671,0.00522484599711095,0,0,"TRUE",2938
1,1,0,1,0,0,0,1,1,1,0,1,3,0.810092396239882,0,0,0.353681770766745,0,0,0,0,0.712510466336692,0,0,0,"TRUE",2955
1,0,1,1,0,0,0,1,1,1,0,1,3,0.810092396239881,0,0,0.353681770766742,0,0,0,0,0.712510466336691,0,0,0,"TRUE",2957
1,1,1,1,0,0,0,1,1,1,0,1,3,0.810092396239881,0,0,0.353681770766742,0,0,0,0,0.712510466336691,0,0,0,"TRUE",2959
1,0,1,1,1,0,0,1,1,1,0,1,4,0.777977269266948,0,0,0.111768694679855,0.403304702078509,0,0,0,0.590653165531019,0,0,0,"TRUE",2973
1,0,0,0,1,1,0,1,1,1,0,1,3,0.719509517379292,0,0,0,0.515327634166497,0,0,0,0.491558381165937,0,0,0,"TRUE",2993
1,1,0,0,1,1,0,1,1,1,0,1,3,0.71950951740143,2.8960596646895e-10,0,0,0.515327633916254,0,0,0,0.491558381243614,0,0,0,"TRUE",2995
0,0,0,1,1,1,0,1,1,1,0,1,4,0,0,0,0.288420642632897,0.390159185572882,0,0,0,0.764878314899644,0.12262888626525,0,0,"TRUE",3000
0,0,0,0,0,0,1,1,1,1,0,1,2,0,0,0,0,0,0,0.347414579785665,0,0.16793029254483,0.00253404210360832,0,0,"TRUE",3008
1,0,0,1,0,0,1,1,1,1,0,1,4,0.789044319253964,0,0,0.333530348683293,0,0,0.171869611935018,0,0.684792909150441,0,0,0,"TRUE",3017
0,0,1,1,1,0,1,1,1,1,0,1,4,0,0,0,0.158321342846243,0.531011458247683,0,0.339471594085789,0,0.670008361377961,0.00522479364382776,0,0,"TRUE",3036
0,1,1,0,0,1,1,1,1,1,0,1,3,0,4.51741671552559e-06,0.342253120174948,0,0,0,0.325192187934826,0,0.486299005801617,0,0,0,"TRUE",3046
0,0,0,0,1,1,1,1,1,1,0,1,3,0,0,0,0,0.67299191238686,0,0.330158717844339,0,0.526439735226458,0.00844413677359083,0,0,"TRUE",3056
0,1,0,0,1,1,1,1,1,1,0,1,3,0,0,0,0,0.672991912388789,0,0.330158718203849,0,0.526439735204159,0.00844413724275133,0,0,"TRUE",3058
0,0,1,1,1,1,1,1,1,1,0,1,4,0,0,0,0.158321341745255,0.531011459267704,0,0.339471596016373,0,0.670008360261284,0.00522479630320353,0,0,"TRUE",3068
1,0,0,0,0,0,0,0,0,0,1,1,2,0.398310815222536,0,0,0,0,0,0,0,0,0,0.12262540447322,0,"TRUE",3073
1,1,0,0,0,0,0,0,0,0,1,1,3,0.269028353958769,0.51701407382316,0,0,0,0,0,0,0,0,5.23744634351544e-08,0.1532758290677,"TRUE",3075
1,1,1,1,0,0,0,0,0,0,1,1,4,0.269028295678878,0,0.191384585463802,0.373710750926012,0,0,0,0,0,0,0,0.153275925533447,"TRUE",3087
0,1,1,0,1,0,0,0,0,0,1,1,2,0,0,0.531635853809557,0,1.17042776007371e-10,0,0,0,0,0,0,0.382017050024126,"TRUE",3094
0,0,0,1,1,0,0,0,0,0,1,1,3,0,0,0,0.314769136781805,0.314062588460661,0,0,0,0,0,0,0.382017050024129,"TRUE",3096
1,1,0,1,1,0,0,0,0,0,1,1,4,0.318063214108182,0,0,0.323230568690751,0.327306285679658,0,0,0,0,0,0,0.111584019659668,"TRUE",3099
1,1,1,1,1,0,0,0,0,0,1,1,5,0.312238825252695,0,0.0400488630216707,0.314389383704293,0.288439246242001,0,0,0,0,0,0,0.116541779544073,"TRUE",3103
0,0,0,0,0,1,0,0,0,0,1,1,2,0,0,0,0,0,0.144918539978738,0,0,0,0,0,0.225629968593271,"TRUE",3104
0,1,1,0,0,1,0,0,0,0,1,1,3,0,0,0.540219166166266,0,0,0.144918539733975,0,0,0,0,0,0.225629968898666,"TRUE",3110
1,1,1,1,0,1,0,0,0,0,1,1,4,0.352095290900256,0,0.144333752557404,0.399199767403456,0,0.167345307651026,0,0,0,0,0,0,"TRUE",3119
0,1,0,0,1,1,0,0,0,0,1,1,3,0,0.18780827308148,0,0,0.429780052104246,0,0,0,0,0,0,0.382017050024126,"TRUE",3122
1,1,0,0,1,1,0,0,0,0,1,1,4,0.339973668030692,0.159519210714864,0,0,0.473557763619221,0,0,0,0,0,0,0.0929546711902478,"TRUE",3123
1,0,0,1,1,1,0,0,0,0,1,1,4,0.318063214108185,0,0,0.323230568690746,0.327306285679665,0,0,0,0,0,0,0.111584019659666,"TRUE",3129
1,0,0,0,0,0,1,0,0,0,1,1,3,0.280780865227412,0,0,0,0,0,0.28181225582519,0,0,0,0.011147396927853,0,"TRUE",3137
1,1,0,0,0,0,1,0,0,0,1,1,4,0.26903001960809,0.496390242743078,0,0,0,0,0.111012139183077,0,0,0,1.57478569451632e-06,0.0155971612413658,"TRUE",3139
1,1,1,0,0,0,1,0,0,0,1,1,3,0.269028295678878,0,0.399346242924114,0,0,0,0.257463001701225,0,0,0,0,0,"TRUE",3143
0,1,1,1,0,0,1,0,0,0,1,1,2,0,0,0,0.599505650674255,0,0,0.372569325919158,0,0,0,0,0,"TRUE",3150
1,1,1,0,1,0,1,0,0,0,1,1,3,0.364280835389008,0,0,0,0.635807216015362,0,0.237947705248012,0,0,0,0,0,"TRUE",3159
0,1,0,1,1,0,1,0,0,0,1,1,3,0,0,0,0.293678802008248,0.468757436571425,0,0.343689391033631,0,0,0,0,0,"TRUE",3162
1,1,1,1,1,0,1,0,0,0,1,1,4,0.335851588538069,0,0,0.236058144339668,0.44604303388734,0,0.261501353083417,0,0,0,0,0,"TRUE",3167
0,0,0,1,0,1,1,0,0,0,1,1,3,0,0,0,0.540422489940797,0,0.178421678657301,0.408157597982165,0,0,0,0,0,"TRUE",3176
1,0,1,1,0,1,1,0,0,0,1,1,4,0.313934362757649,0,0,0.501835452974002,0,0.0904669729616067,0.312481356334604,0,0,0,0,0,"TRUE",3181
0,1,1,1,0,1,1,0,0,0,1,1,3,0,0,0,0.540422489940794,0,0.178421678657303,0.408157597982165,0,0,0,0,0,"TRUE",3182
0,0,1,1,1,1,1,0,0,0,1,1,3,0,0,0,0.293678802008255,0.468757436571423,0,0.343689391033629,0,0,0,0,0,"TRUE",3196
0,1,0,0,0,0,0,1,0,0,1,1,2,0,0.513173850066245,0,0,0,0,0,0,0,0,0,0.382017050024126,"TRUE",3202
0,1,1,0,0,0,0,1,0,0,1,1,2,0,0,0.531635853896197,0,0,0,0,0,0,0,0,0.382017050024126,"TRUE",3206
0,1,0,0,1,0,0,1,0,0,1,1,3,0,0.187808273081471,0,0,0.429780052104255,0,0,0,0,0,0,0.382017050024126,"TRUE",3218
0,0,0,1,1,0,0,1,0,0,1,1,3,0,0,0,0.314769136781806,0.31406258846066,0,0,0,0,0,0,0.382017050024126,"TRUE",3224
1,0,1,1,1,0,0,1,0,0,1,1,5,0.312243434020957,0,0.0400188562046964,0.314395374112046,0.288469588757665,0,0,0,0,0,0,0.116537638138898,"TRUE",3229
1,1,1,1,1,0,0,1,0,0,1,1,5,0.31224201444258,0,0.0400280991133864,0.314393528771657,0.288460242684417,0,0,0,0,0,0,0.116538913724808,"TRUE",3231
1,1,0,0,0,1,0,1,0,0,1,1,3,0.352095290900256,0.48469887273194,0,0,0,0.167345307651026,0,0,0,0,0,0,"TRUE",3235
1,1,1,0,0,1,0,1,0,0,1,1,3,0.352095290900256,0,0.503380196051603,0,0,0.167345307651026,0,0,0,0,0,0,"TRUE",3239
1,0,0,1,0,1,0,1,0,0,1,1,3,0.352095290900256,0,0,0.522778575534091,0,0.167345307651026,0,0,0,0,0,0,"TRUE",3241
0,1,0,0,1,1,0,1,0,0,1,1,3,0,0.187808273081471,0,0,0.429780052104255,0,0,0,0,0,0,0.382017050024126,"TRUE",3250
0,1,0,1,1,1,0,1,0,0,1,1,3,0,0,0,0.314769136781806,0.31406258846066,0,0,0,0,0,0,0.382017050024126,"TRUE",3258
1,1,0,1,1,1,0,1,0,0,1,1,4,0.318063214108185,0,0,0.323230568690746,0.327306285679665,0,0,0,0,0,0,0.111584019659666,"TRUE",3259
0,0,1,1,1,1,0,1,0,0,1,1,4,0,0,0.214352798602422,0.268190667951605,0.10749849921612,0,0,0,0,0,0,0.382017050024126,"TRUE",3260
0,0,0,0,0,0,1,1,0,0,1,1,2,0,0,0,0,0,0,0.356891418556108,0,0,0,0.0368828163493621,0,"TRUE",3264
0,1,0,0,0,0,1,1,0,0,1,1,3,0,0.475370164578974,0,0,0,0,0.203467049671696,0,0,0,0,0.129687799104264,"TRUE",3266
0,0,0,1,0,0,1,1,0,0,1,1,2,0,0,0,0.599505650674255,0,0,0.372569325919158,0,0,0,0,0,"TRUE",3272
1,1,0,0,1,0,1,1,0,0,1,1,3,0.364280835389008,0,0,0,0.635807216015361,0,0.237947705248012,0,0,0,0,0,"TRUE",3283
0,0,1,0,1,0,1,1,0,0,1,1,2,0,0,0,0,0.712265575013946,0,0.322606078601644,0,0,0,0,1.80327730568376e-07,"TRUE",3284
0,1,1,1,1,0,1,1,0,0,1,1,3,0,0,0,0.293678802008249,0.468757436571425,0,0.343689391033631,0,0,0,0,0,"TRUE",3294
0,1,0,0,0,1,1,1,0,0,1,1,3,0,0.406871875366825,0,0,0,0.223954666324563,0.251726405374788,0,0,0,0,0,"TRUE",3298
0,1,0,1,0,1,1,1,0,0,1,1,3,0,0,0,0.540422489940797,0,0.178421678657301,0.408157597982165,0,0,0,0,0,"TRUE",3306
0,0,1,1,0,1,1,1,0,0,1,1,3,0,0,0,0.540422489940794,0,0.178421678657303,0.408157597982165,0,0,0,0,0,"TRUE",3308
0,0,0,0,1,1,1,1,0,0,1,1,2,0,0,0,0,0.71226557922011,0,0.322606075857008,0,0,0,0,1.66368718043274e-07,"TRUE",3312
1,0,0,0,0,0,0,0,1,0,1,1,3,0.484026785354388,0,0,0,0,0,0,0,0.175188401933831,0,0.0777438608001099,0,"TRUE",3329
0,1,0,0,0,0,0,0,1,0,1,1,3,0,0.561221638234305,0,0,0,0,0,0,0.563628329223396,0,0.0152008793790497,0,"TRUE",3330
0,0,1,0,0,0,0,0,1,0,1,1,2,0,0,0.535934623446373,0,0,0,0,0,0.663317991239174,0,0,0,"TRUE",3332
1,0,1,0,0,0,0,0,1,0,1,1,3,0.681564758125195,0,0.353974870123193,0,0,0,0,0,0.543256421806113,0,0,0,"TRUE",3333
0,1,1,0,0,0,0,0,1,0,1,1,2,0,0,0.535934623446373,0,0,0,0,0,0.663317991239174,0,0,0,"TRUE",3334
1,1,1,0,0,1,0,0,1,0,1,1,3,0.681564758127974,1.32616845185698e-10,0.353974870024185,0,0,0,0,0,0.543256421809652,0,0,0,"TRUE",3367
0,0,0,1,1,1,0,0,1,0,1,1,3,0,0,0,0.296007405232136,0.388115804125127,0,0,0,0.781240012617164,0,0,0,"TRUE",3384
1,1,0,1,1,1,0,0,1,0,1,1,4,0.777977269266948,0,0,0.111768694679855,0.403304702078509,0,0,0,0.590653165531019,0,0,0,"TRUE",3387
1,0,1,1,1,1,0,0,1,0,1,1,4,0.777977269266948,0,0,0.111768694679855,0.403304702078509,0,0,0,0.590653165531019,0,0,0,"TRUE",3389
0,0,0,0,0,0,1,0,1,0,1,1,3,0,0,0,0,0,0,0.350450516464808,0,0.163078016980952,0,0.0159789915024313,0,"TRUE",3392
1,1,0,0,0,0,1,0,1,0,1,1,4,0.619995116997151,0.35026805067263,0,0,0,0,0.0751666254709726,0,0.462177278564418,0,0,0,"TRUE",3395
1,1,0,0,1,0,1,0,1,0,1,1,4,0.725201214065991,0,0,0,0.522942247997358,0,0.155264608775061,0,0.497551351688232,0,0,0,"TRUE",3411
0,1,1,0,1,0,1,0,1,0,1,1,3,0,0,0,0,0.672968782474366,0,0.323870632593137,0,0.526844804721961,0,0,0,"TRUE",3414
1,1,1,0,1,0,1,0,1,0,1,1,4,0.725201214065991,0,0,0,0.522942247997359,0,0.155264608775061,0,0.497551351688232,0,0,0,"TRUE",3415
0,0,0,1,1,0,1,0,1,0,1,1,4,0,0,0,0.160163857866946,0.529344894883802,0,0.335717120260957,0,0.671928021908426,0,0,0,"TRUE",3416
1,0,0,1,1,0,1,0,1,0,1,1,5,0.754208561399582,0,0,0.0556355403461731,0.467051221025498,0,0.152635602453372,0,0.546776674598571,0,0,0,"TRUE",3417
0,0,1,1,1,0,1,0,1,0,1,1,4,0,0,0,0.160163857866946,0.529344894883802,0,0.335717120260957,0,0.671928021908426,0,0,0,"TRUE",3420
1,0,0,0,0,1,1,0,1,0,1,1,3,0.418880527168264,0,0,0,0,0,0.245350582858336,0,0.197335737539027,0,0,0,"TRUE",3425
1,1,1,1,0,1,1,0,1,0,1,1,4,0.789044319253964,0,0,0.333530348683293,0,0,0.171869611935017,0,0.684792909150441,0,0,0,"TRUE",3439
0,0,1,0,1,1,1,0,1,0,1,1,3,0,0,0,0,0.672968782474366,0,0.323870632593137,0,0.526844804721961,0,0,0,"TRUE",3444
1,1,1,0,1,1,1,0,1,0,1,1,4,0.725201214065991,0,0,0,0.522942247997359,0,0.155264608775061,0,0.497551351688232,0,0,0,"TRUE",3447
1,0,0,0,0,0,0,1,1,0,1,1,3,0.484026785354388,0,0,0,0,0,0,0,0.175188401933831,0,0.0777438608001099,0,"TRUE",3457
1,1,0,0,0,0,0,1,1,0,1,1,3,0.640897248548447,0.387453969778067,0,0,0,0,0,0,0.489702644752272,0,0,0,"TRUE",3459
1,1,1,1,0,0,0,1,1,0,1,1,3,0.810092396239882,0,0,0.353681770766742,0,0,0,0,0.712510466336691,0,0,0,"TRUE",3471
1,0,1,0,0,1,0,1,1,0,1,1,3,0.681564758125195,0,0.353974870123193,0,0,0,0,0,0.543256421806113,0,0,0,"TRUE",3493
1,1,0,1,0,1,0,1,1,0,1,1,3,0.810092396239882,0,0,0.353681770766745,0,0,0,0,0.712510466336692,0,0,0,"TRUE",3499
0,1,1,0,1,1,0,1,1,0,1,1,3,0,0,0.434768324663066,0,0.147087353648704,0,0,0,0.647655886489128,0,0,0,"TRUE",3510
0,1,0,1,1,1,0,1,1,0,1,1,3,0,0,0,0.296007405232136,0.388115804125127,0,0,0,0.781240012617164,0,0,0,"TRUE",3514
0,0,0,0,0,0,1,1,1,0,1,1,3,0,0,0,0,0,0,0.350450516465285,0,0.163078016980464,0,0.0159789915039263,0,"TRUE",3520
0,0,1,0,0,0,1,1,1,0,1,1,3,0,0,0.342255473177365,0,0,0,0.325193651321926,0,0.486297951420365,0,0,0,"TRUE",3524
1,0,0,1,0,0,1,1,1,0,1,1,4,0.789044319253964,0,0,0.333530348683293,0,0,0.171869611935018,0,0.684792909150441,0,0,0,"TRUE",3529
0,0,0,1,1,0,1,1,1,0,1,1,4,0,0,0,0.160163857866946,0.529344894883802,0,0.335717120260957,0,0.671928021908426,0,0,0,"TRUE",3544
1,1,1,1,1,0,1,1,1,0,1,1,5,0.754208561399586,0,0,0.0556355403461805,0.46705122102549,0,0.152635602453371,0,0.546776674598577,0,0,0,"TRUE",3551
0,1,0,0,0,1,1,1,1,0,1,1,3,0,0.45591559524274,0,0,0,0,0.186616506065774,0,0.494480083994745,0,0,0,"TRUE",3554
1,1,1,0,0,1,1,1,1,0,1,1,4,0.614904913691793,5.13023823083766e-05,0.26284041006667,0,0,0,0.182837095137685,0,0.455474012579152,0,0,0,"TRUE",3559
0,0,1,0,1,1,1,1,1,0,1,1,3,0,0,0,0,0.672968782474366,0,0.323870632593137,0,0.526844804721961,0,0,0,"TRUE",3572
1,1,1,0,1,1,1,1,1,0,1,1,4,0.725201214065991,0,0,0,0.522942247997359,0,0.155264608775061,0,0.497551351688232,0,0,0,"TRUE",3575
0,1,0,0,0,0,0,0,0,1,1,1,2,0,0.513173850066245,0,0,0,0,0,0,0,0,0,0.382017050024126,"TRUE",3586
1,1,0,0,1,0,0,0,0,1,1,1,4,0.339973668030692,0.159519210714864,0,0,0.473557763619221,0,0,0,0,0,0,0.0929546711902478,"TRUE",3603
0,0,0,1,1,0,0,0,0,1,1,1,3,0,0,0,0.314769136781805,0.31406258846066,0,0,0,0,0,0,0.382017050024129,"TRUE",3608
0,0,1,1,1,0,0,0,0,1,1,1,4,0,0,0.214352904207507,0.268190690153125,0.107498331068897,0,0,0,0,0,0,0.382017050024128,"TRUE",3612
1,0,1,0,1,1,0,0,0,1,1,1,4,0.348205731578674,0,0.49526077570617,0,0.0188925420252758,0.153809210648492,0,0,0,0,0,0,"TRUE",3637
0,1,1,1,1,1,0,0,0,1,1,1,4,0,0,0.214352947557231,0.268190699266701,0.107498262046182,0,0,0,0,0,0,0.382017050024126,"TRUE",3646
0,1,1,0,0,0,1,0,0,1,1,1,2,0,0,0.436698788290188,0,0,0,0.319583141233237,0,0,0,0,1.98370238001812e-06,"TRUE",3654
0,0,0,1,0,0,1,0,0,1,1,1,2,0,0,0,0.599505359382452,0,0,0.372570409127284,0,0,1.45085665557576e-06,0,0,"TRUE",3656
0,1,1,1,1,0,1,0,0,1,1,1,3,0,0,0,0.292390050215192,0.469823537855928,0,0.345851552244242,0,0,0.00302722122299939,0,0,"TRUE",3678
0,0,0,0,0,1,1,0,0,1,1,1,2,0,0,0,0,0,0.185100432647839,0.385212354542365,0,0,1.11111230845352e-08,0,0,"TRUE",3680
1,0,0,0,0,1,1,0,0,1,1,1,3,0.316635212877441,0,0,0,0,0.0959080581123547,0.290365402929696,0,0,0,0,0,"TRUE",3681
0,1,0,0,0,1,1,0,0,1,1,1,4,0,0.393818275660712,0,0,0,0.217109758536444,0.275242478960991,0,0,0.0274368002711853,0,0,"TRUE",3682
1,0,1,1,0,1,1,0,0,1,1,1,4,0.313934362757649,0,0,0.501835452974002,0,0.0904669729616067,0.312481356334604,0,0,0,0,0,"TRUE",3693
1,0,0,0,1,1,1,0,0,1,1,1,3,0.36428083538901,0,0,0,0.635807216015361,0,0.237947705248012,0,0,0,0,0,"TRUE",3697
0,1,1,0,1,1,1,0,0,1,1,1,2,0,0,0,0,0.712258253401168,0,0.329153869018141,0,0,0.00879157903777019,0,1.83513883197554e-09,"TRUE",3702
1,1,1,0,1,1,1,0,0,1,1,1,3,0.364280835389008,0,0,0,0.635807216015362,0,0.237947705248012,0,0,0,0,0,"TRUE",3703
1,1,0,1,1,1,1,0,0,1,1,1,4,0.335851588538069,0,0,0.236058144339668,0.44604303388734,0,0.261501353083417,0,0,0,0,0,"TRUE",3707
0,0,1,1,0,0,0,1,0,1,1,1,3,0,0,0.266397646767748,0.294900652855137,0,0,0,0,0,0,0,0.382017050024126,"TRUE",3724
0,1,1,1,0,0,0,1,0,1,1,1,3,0,0,0.266397646767748,0.294900652855137,0,0,0,0,0,0,0,0.382017050024126,"TRUE",3726
0,1,0,1,0,1,0,1,0,1,1,1,4,0,0,0,0.526796831464472,0,0.306606495780451,0,0.185161547666533,0,0.122628886265249,0,0,"TRUE",3754
1,1,0,1,0,1,0,1,0,1,1,1,3,0.352095290900258,0,0,0.522778575534089,0,0.167345307651026,0,0,0,0,0,0,"TRUE",3755
0,0,1,1,0,1,0,1,0,1,1,1,4,0,0,0.196314623960405,0.366646459739631,0,0.306606495780451,0,0.185161547666533,0,0.00867179372917183,0,0,"TRUE",3756
1,0,1,1,0,1,0,1,0,1,1,1,4,0.352095290900256,0,0.1443337525565,0.399199767404284,0,0.167345307651026,0,0,0,0,0,0,"TRUE",3757
0,0,0,0,1,1,0,1,0,1,1,1,2,0,0,0,0,0.576394059436309,0,0,0,0,0,0,0.382017050024126,"TRUE",3760
1,1,0,1,1,1,0,1,0,1,1,1,4,0.318063214108185,0,0,0.323230568690746,0.327306285679665,0,0,0,0,0,0,0.111584019659665,"TRUE",3771
1,0,0,0,0,0,1,1,0,1,1,1,3,0.280780865000812,0,0,0,0,0,0.281812255816651,0,0,0,0.0111473967252519,0,"TRUE",3777
0,1,0,0,0,0,1,1,0,1,1,1,3,0,0.475370164578974,0,0,0,0,0.203467049671697,0,0,0,0,0.129687799104264,"TRUE",3778
1,0,1,0,0,0,1,1,0,1,1,1,3,0.269028295678878,0,0.399346242924247,0,0,0,0.257463001701322,0,0,0,0,0,"TRUE",3781
1,1,1,1,0,0,1,1,0,1,1,1,3,0.269028295678878,0,0,0.541478805374551,0,0,0.305612987963595,0,0,0,0,0,"TRUE",3791
0,0,0,0,1,0,1,1,0,1,1,1,2,0,0,0,0,0.712258253479612,0,0.329153879132129,0,0,0.00879159228250883,0,1.59925860891826e-09,"TRUE",3792
0,0,0,0,0,1,1,1,0,1,1,1,2,0,0,0,0,0,0.185100432631015,0.385212354595092,0,0,1.11850622189755e-08,0,0,"TRUE",3808
1,0,0,0,0,1,1,1,0,1,1,1,3,0.316635212877441,0,0,0,0,0.0959080581123547,0.290365402929696,0,0,0,0,0,"TRUE",3809
1,1,0,0,0,1,1,1,0,1,1,1,4,0.33362050657427,0.408427959036165,0,0,0,0.130126332068977,0.15128106010943,0,0,0,0,0,"TRUE",3811
1,0,1,1,0,1,1,1,0,1,1,1,4,0.313934362757649,0,0,0.501835452974002,0,0.0904669729616067,0.312481356334604,0,0,0,0,0,"TRUE",3821
1,1,0,0,0,0,0,0,1,1,1,1,3,0.640897248548447,0.387453969778067,0,0,0,0,0,0,0.489702644752272,0,0,0,"TRUE",3843
1,0,1,1,0,0,0,0,1,1,1,1,3,0.810092396239882,0,0,0.353681770766742,0,0,0,0,0.712510466336691,0,0,0,"TRUE",3853
1,1,0,0,1,0,0,0,1,1,1,1,3,0.719509517398235,2.47799894972907e-10,0,0,0.515327633952378,0,0,0,0.491558381232401,0,0,0,"TRUE",3859
1,1,1,0,1,0,0,0,1,1,1,1,3,0.719509533494594,1.36027132852595e-10,4.27423153386962e-07,0,0.515327115180351,0,0,0,0.491558504410972,0,0,0,"TRUE",3863
1,1,0,0,0,1,0,0,1,1,1,1,3,0.640897248548447,0.387453969778067,0,0,0,0,0,0,0.489702644752272,0,0,0,"TRUE",3875
0,0,1,0,0,1,0,0,1,1,1,1,2,0,0,0.535934623446375,0,0,0,0,0,0.663317991239175,0,0,0,"TRUE",3876
1,0,0,1,0,1,0,0,1,1,1,1,3,0.810092396239883,0,0,0.353681770766745,0,0,0,0,0.712510466336691,0,0,0,"TRUE",3881
1,0,1,1,0,1,0,0,1,1,1,1,3,0.810092396239882,0,0,0.353681770766742,0,0,0,0,0.712510466336691,0,0,0,"TRUE",3885
0,0,1,0,1,1,0,0,1,1,1,1,3,0,0,0.434768327384532,0,0.147087349834583,0,0,0,0.647655886991904,0,0,0,"TRUE",3892
1,0,1,0,0,0,1,0,1,1,1,1,4,0.614895990392232,0,0.262868160149034,0,0,0,0.182855920721107,0,0.455462397515364,0,0,0,"TRUE",3909
1,0,1,1,0,0,1,0,1,1,1,1,4,0.789044319253964,0,0,0.333530348683293,0,0,0.171869611935017,0,0.684792909150441,0,0,0,"TRUE",3917
1,0,0,0,1,0,1,0,1,1,1,1,4,0.725201214065993,0,0,0,0.522942247997361,0,0.155264608775061,0,0.497551351688233,0,0,0,"TRUE",3921
0,0,1,1,1,0,1,0,1,1,1,1,4,0,0,0,0.158321338607512,0.531011462174701,0,0.339471601518411,0,0.670008357078824,0.00522480388225109,0,0,"TRUE",3932
1,1,0,0,0,1,1,0,1,1,1,1,4,0.619995116997151,0.350268050672631,0,0,0,0,0.0751666254709726,0,0.462177278564418,0,0,0,"TRUE",3939
1,1,0,1,0,1,1,0,1,1,1,1,4,0.789044319253964,0,0,0.333530348683293,0,0,0.171869611935016,0,0.684792909150441,0,0,0,"TRUE",3947
0,0,0,0,1,1,1,0,1,1,1,1,3,0,0,0,0,0.672991912386765,0,0.330158717826625,0,0.526439735227556,0.00844413675047344,0,0,"TRUE",3952
0,0,1,0,1,1,1,0,1,1,1,1,3,0,0,0,0,0.672991912381273,0,0.330158716802607,0,0.526439735291072,0.00844413541413085,0,0,"TRUE",3956
0,1,1,0,1,1,1,0,1,1,1,1,3,0,0,0,0,0.672991912383845,0,0.330158717282112,0,0.526439735261331,0.00844413603988501,0,0,"TRUE",3958
1,1,1,0,1,1,1,0,1,1,1,1,4,0.725201214065991,0,0,0,0.522942247997359,0,0.155264608775061,0,0.497551351688232,0,0,0,"TRUE",3959
1,0,0,1,1,1,1,0,1,1,1,1,5,0.754208561399575,0,0,0.0556355403461583,0.467051221025514,0,0.152635602453372,0,0.546776674598558,0,0,0,"TRUE",3961
0,1,0,1,1,1,1,0,1,1,1,1,4,0,0,0,0.158321320270622,0.531011479163118,0,0.339471633672118,0,0.670008338480622,0.00522484817391642,0,0,"TRUE",3962
1,1,0,1,1,1,1,0,1,1,1,1,5,0.754208561399572,0,0,0.0556355403461539,0.467051221025519,0,0.152635602453372,0,0.546776674598555,0,0,0,"TRUE",3963
0,0,1,1,1,1,1,0,1,1,1,1,4,0,0,0,0.158321338479265,0.531011462293516,0,0.339471601743292,0,0.67000835694875,0.00522480419202398,0,0,"TRUE",3964
0,1,0,0,0,0,0,1,1,1,1,1,3,0,0.559547278685169,0,0,0,0,0,0.00297598938975701,0.560433864588321,0.12262888626525,9.28616926120133e-05,0,"TRUE",3970
0,1,1,0,0,0,0,1,1,1,1,1,2,0,0,0.535934623446373,0,0,0,0,0,0.663317991239174,0,0,0,"TRUE",3974
1,1,1,0,1,0,0,1,1,1,1,1,3,0.719509533047328,1.34779444637068e-10,4.15555223590767e-07,0,0.515327129588457,0,0,0,0.491558500989602,0,0,0,"TRUE",3991
0,1,0,1,1,0,0,1,1,1,1,1,4,0,0,0,0.288420642632897,0.390159185572882,0,0,0,0.764878314899644,0.12262888626525,0,0,"TRUE",3994
1,1,0,1,1,0,0,1,1,1,1,1,4,0.777977269266948,0,0,0.111768694679855,0.403304702078509,0,0,0,0.590653165531019,0,0,0,"TRUE",3995
0,0,1,1,1,0,0,1,1,1,1,1,4,0,0,3.98944344444509e-09,0.28842064217753,0.390159181148494,0,0,0,0.764878315776308,0.122628883670596,0,0,"TRUE",3996
0,1,0,0,0,1,0,1,1,1,1,1,3,0,0.559551150354619,0,0,0,0,0,0.00296234481899787,0.560436965836655,0.12262888626525,8.87624959532648e-05,0,"TRUE",4002
1,1,1,1,1,1,0,1,1,1,1,1,4,0.777977269266948,0,0,0.111768694679855,0.403304702078509,0,0,0,0.59065316553102,0,0,0,"TRUE",4031
0,0,0,0,0,0,1,1,1,1,1,1,3,0,0,0,0,0,0,0.351291056083729,0,0.163218963466065,0.00140724633310487,0.0153037188793681,0,"TRUE",4032
1,1,0,1,0,0,1,1,1,1,1,1,4,0.789044319253964,0,0,0.333530348683293,0,0,0.171869611935016,0,0.684792909150441,0,0,0,"TRUE",4043
1,0,1,1,0,0,1,1,1,1,1,1,4,0.789044319253964,0,0,0.333530348683293,0,0,0.171869611935017,0,0.684792909150441,0,0,0,"TRUE",4045
0,0,0,0,1,0,1,1,1,1,1,1,3,0,0,0,0,0.672991912386831,0,0.330158717838804,0,0.526439735226801,0.00844413676636791,0,0,"TRUE",4048
1,0,0,0,1,0,1,1,1,1,1,1,4,0.725201214065993,0,0,0,0.522942247997361,0,0.155264608775061,0,0.497551351688233,0,0,0,"TRUE",4049
1,1,0,0,1,0,1,1,1,1,1,1,4,0.725201214065991,0,0,0,0.522942247997358,0,0.155264608775061,0,0.497551351688232,0,0,0,"TRUE",4051
1,0,1,0,1,0,1,1,1,1,1,1,4,0.725201214065991,0,0,0,0.522942247997359,0,0.155264608775062,0,0.497551351688232,0,0,0,"TRUE",4053
0,1,1,0,1,0,1,1,1,1,1,1,3,0,0,0,0,0.67299191238411,0,0.330158717331574,0,0.526439735258263,0.00844413610443271,0,0,"TRUE",4054
1,1,1,0,1,0,1,1,1,1,1,1,4,0.725201214065991,0,0,0,0.522942247997359,0,0.155264608775061,0,0.497551351688232,0,0,0,"TRUE",4055
0,0,1,1,1,0,1,1,1,1,1,1,4,0,0,0,0.1583213371187,0.531011463554027,0,0.339471604129045,0,0.670008355568795,0.00522480747839317,0,0,"TRUE",4060
1,0,1,1,1,0,1,1,1,1,1,1,5,0.754208561399579,0,0,0.0556355403461675,0.467051221025504,0,0.152635602453372,0,0.546776674598566,0,0,0,"TRUE",4061
0,1,1,0,0,1,1,1,1,1,1,1,3,0,4.51793975831121e-06,0.342253119902508,0,0,0,0.325192187765389,0,0.486299005923697,0,0,0,"TRUE",4070
1,0,1,0,1,1,1,1,1,1,1,1,4,0.725201214065991,0,0,0,0.522942247997359,0,0.155264608775062,0,0.497551351688232,0,0,0,"TRUE",4085
1,0,0,1,1,1,1,1,1,1,1,1,5,0.754208561399572,0,0,0.0556355403461527,0.46705122102552,0,0.152635602453372,0,0.546776674598553,0,0,0,"TRUE",4089
